position,channelId,channelTitle,videoId,publishedAt,publishedAtSQL,videoTitle,videoDescription,tags,videoCategoryId,videoCategoryLabel,topicCategories,duration,durationSec,dimension,definition,caption,defaultLanguage,defaultLAudioLanguage,thumbnail_maxres,licensedContent,hasPaidProductPlacement,locationDescription,latitude,longitude,viewCount,likeCount,dislikeCount,favoriteCount,commentCount
1,UCuFShSOeICKKNqEVfJ8XU-w,"Amine Belghazi",PYD1QvPq2lQ,2026-04-09T20:08:24Z,"2026-04-09 20:08:24","Season 2, Episode 01: كلاش الباخرات 😂 @LilPatty @achrafsabiri7364","GYMTERVIEW revient pour une saison 2, après le succès de la première saison! Un grand merci à notre SPONSOR de cet épisode, Millenium Fitness Rabat. IG: https://www.instagram.com/milleniumfitnessrabat Un concept original, 100 % marocain🇲🇦 , de retour dans une version encore plus forte, plus aboutie et plus divertissante. Un format unique qui mêle entraînement, interview décalée et challenges surprenants pour découvrir nos invités sous un tout nouveau jour. Abonnez-vous à la chaîne de ‪@Amine.Belghazi et dites-nous en commentaire quels invités vous aimeriez voir dans les prochains épisodes ! GYMTERVIEW 🇲🇦 الموسم الثاني ديال الكونسيبط المغربي% 100 GYMTERVIEW من بعد نجاح الموسم الأول ، كيرجع ليكم فموسم ثاني أقوى، أحسن، وعامر بالضحك والتحديات الجديدة اللي غادي يورّيوكم الضيوف بوجه آخر كونسيبط كيجمع ما بين التمرين، الأسئلة الخارجة على المألوف، والتحديات المفاجئة فجو ممتع وخفيف اللي غادي يخليكم تشبعو ضحك 😂 ماتنساوش ديرو متابعة و الاشتراك فالقناة ‪@Amine.Belghazi وقولو لينا فالتعاليق شكون تبغيو تشوفو فالحلقات الجاية ❤️ GYMTERVIEW is back with Season 2, following the success of Season 1 🇲🇦 An original 100% Moroccan concept returning in an even stronger, more polished, and more entertaining version. A one-of-a-kind format that blends workout sessions, offbeat interviews, and unexpected challenges to reveal sides of our guests you’ve never seen before. Subscribe to ‪@Amine.Belghazi and let us know in the comments which guests you’d love to see in the upcoming episodes! ➡️Crée et présenté par : @Amine.Belghazi IG: https://www.instagram.com/aminebelghazii/ ➡️Production : UPGROW MARKETING IG: https://www.instagram.com/up_grow_marketing/ ➡️Réalisateur, post prod : Youness RAKI IG: https://www.instagram.com/youness.raki10/ ➡️Equipe PROD : ➡️Directeur de Projet: Soufiane Zhar IG: https://www.instagram.com/zhrsoufiane21/ ➡️Responsable du contenu: Amine LOURAOUI IG: https://www.instagram.com/amine_louraoui/ ➡️Responsable de la communication et Branding: Chaimae AOURARH IG: https://www.instagram.com/chaimae_aourarh/ ➡️ Composition générique et effets sonores: Amine Louraoui IG: https://www.instagram.com/amine_louraoui/ ➡️Designer, Infographiste : Anas FAKHIR IG: https://www.instagram.com/0000000fucksgiven/ ➡️Prof de pilates : SIHAM IG: https://www.instagram.com/si__ha__am67 ➡️Coach : Badr GARCHAL IG: https://www.instagram.com/badrogoo/ #GYMTERVIEW #gym #maroc #humor #interview #humour #المغرب #maroc #morocco #youtubeshorts #youtube #new #جديد #lifestylevlog #lifestyle #funny #challenge #fun #music #challenge #المغرب #trendingshorts #trending #tendance #sports #laugh #friendship #ضحك #نجوم_المغرب #ترند #يوتيوب #sports #funny #acting #streaming #gym #reaction #discord","maroc,morocco,ilyaselmalki,tendance,إلياس المالكي,youtube,المغرب,فضيحة,chouftv,trend,الضحك,babyshark,جديد,rapmarocain,مغربي,يوتيوب,نجوم_المغرب,streaming,reaction,chaabi,moroccanpop,Stormy,SANTE,FOOTBALL,KORAX90,BIMO,COUPEDUMONDE,FINALE,سياسة,PODCAST,كرة القدم,MONEY,bimo,SAHARA,FITNESS,TIKTOK,JAMALALPHA,كأس الأمم الإفريقية,CAF,CHAMPIONSLEAGUE,ACHRAFSABIRI,HAJOUI,COMEDIE,MAGHREBSTAR,UEFA,AFCON,ASFAR,RAMADAN,الجيش الملكي,shobee,discord,Manal,Bakhira,Lilpatty,ahmedsabiri,toto,Madd,BNJ,2026",24,Entertainment,"Entertainment,Humour",PT55M11S,3311,2d,hd,false,fr,ar,https://i.ytimg.com/vi/PYD1QvPq2lQ/maxresdefault.jpg,1,1,,,,429960,28489,,0,1673
2,UCuFShSOeICKKNqEVfJ8XU-w,"Amine Belghazi",Ob9ACrspblA,2026-03-14T22:00:15Z,"2026-03-14 22:00:15","الحلقة الأخيرة : من أساطير كرة القدم المغربية الحسين أوشلا قتلنا بالضحك (و بالعصا) 😂💪🏽","GYMTERVIEW: كونيسبط جديد و 100% مغربي 🇲🇦 حلقات كاتجمع الضحك و بزاف ديال التحديات لي غادي تخليكم تشوفو الضيوف فوجه آخر و الأكيد أنكم غادي تشبعووو ضحك 😂 ماتنساوش ديرو متابعة و الاشتراك فالقناة‪ @Amine.Belghazi و قولو لينا شكون تبغيو تشوفو فالحلقات جايين ❤️ GYMTERVIEW est un concept original, 100 % marocain 🇲🇦 , Inédit dans le monde entier ! Un format unique qui mêle des sessions d’entraînement fun, une interview décalée et des challenges surprenants pour découvrir nos invités comme vous ne les avez jamais vus. Abonnez-vous à la chaîne de ‪ @Amine.Belghazi et dites-nous en commentaire quels invités vous aimeriez voir dans les prochains épisodes ! GYMTERVIEW is the original concept, 100% Moroccan 🇲🇦, and totally unique worldwide! A one-of-a-kind format that combines fun workout sessions, an offbeat interview, and surprising challenges to reveal sides of our guests you’ve never seen before. Subscribe to ‪ @Amine.Belghazi and let us know in the comments which guests you’d love to see in the next episodes! ➡️Crée et présenté par : @Amine.Belghazi IG: https://www.instagram.com/aminebelghazii/ ➡️Production : UPGROW MARKETING IG: https://www.instagram.com/up_grow_marketing/ ➡️Réalisateur, post prod : Youness RAKI IG: https://www.instagram.com/youness.raki10/ ➡️Equipe PROD : ➡️Directeur de Projet: Soufiane Zhar IG: https://www.instagram.com/zhrsoufiane21/ ➡️Responsable du contenu: Amine LOURAOUI IG: https://www.instagram.com/amine_louraoui/ ➡️Responsable de la communication et Branding: Chaimae AOURARH IG: https://www.instagram.com/chaimae_aourarh/ ➡️ Composition générique et effets sonores: Amine Louraoui IG: https://www.instagram.com/amine_louraoui/ ➡️Designer, Infographiste : Anas FAKHIR IG: https://www.instagram.com/0000000fucksgiven/ ➡️Prof de JUDO : El mehdi ESSAFI IG: https://www.instagram.com/hardmed_ess/ ➡️Coach : Badr GARCHAL IG: https://www.instagram.com/badrogoo/ #GYMTERVIEW #gym #maroc #humor #interview #humour #المغرب #maroc #morocco #youtubeshorts #youtube #new #جديد #lifestylevlog #lifestyle #funny #challenge #fun #music #challenge #المغرب #trendingshorts #trending #tendance #sports #laugh #friendship #ضحك #نجوم_المغرب #ترند #يوتيوب #sports #funny #acting #streaming #gym #reaction","maroc,morocco,ilyaselmalki,tendance,إلياس المالكي,youtube,المغرب,فضيحة,chouftv,trend,الضحك,babyshark,جديد,rapmarocain,مغربي,يوتيوب,نجوم_المغرب,streaming,reaction,chaabi,moroccanpop,Stormy,SANTE,FOOTBALL,SEDRATY,KORAX90,BIMO,COUPEDUMONDE,FINALE,سياسة,PODCAST,كرة القدم,MONEY,CAN,bimo,SAHARA,FITNESS,TIKTOK,JAMALALPHA,كأس الأمم الإفريقية,CAF,CHAMPIONSLEAGUE,ACHRAFSABIRI,HAJOUI,COMEDIE,MAGHREBSTAR,UEFA,AFCON,ASFAR,RAMADAN,الجيش الملكي,ذو القرنين,عش الطمع,لاللة منانة,عيد الفطر,Pyramids",24,Entertainment,"Entertainment,Humour",PT54M19S,3259,2d,hd,false,ar,ar,https://i.ytimg.com/vi/Ob9ACrspblA/maxresdefault.jpg,1,,,,,55930,1977,,0,99
3,UCuFShSOeICKKNqEVfJ8XU-w,"Amine Belghazi",4ct4Epj-Gos,2026-01-30T19:30:00Z,"2026-01-30 19:30:00","الحلقة العاشرة : كنا عارفينو حمق، هاذا هو الدليل 😂😎 @Nouamaneelabiarii","GYMTERVIEW: كونيسبط جديد و 100% مغربي 🇲🇦 حلقات كاتجمع الضحك و بزاف ديال التحديات لي غادي تخليكم تشوفو الضيوف فوجه آخر و الأكيد أنكم غادي تشبعووو ضحك 😂 ماتنساوش ديرو متابعة و الاشتراك فالقناة‪ @Amine.Belghazi و قولو لينا شكون تبغيو تشوفو فالحلقات جايين ❤️ GYMTERVIEW est un concept original, 100 % marocain 🇲🇦 , inédit dans le monde entier ! Un format unique qui mêle des sessions d’entraînement fun, une interview décalée et des challenges surprenants pour découvrir nos invités comme vous ne les avez jamais vus. Abonnez-vous à la chaîne de ‪ @Amine.Belghazi et dites-nous en commentaire quels invités vous aimeriez voir dans les prochains épisodes ! GYMTERVIEW is the original concept, 100% Moroccan 🇲🇦, and totally unique worldwide! A one-of-a-kind format that combines fun workout sessions, an offbeat interview, and surprising challenges to reveal sides of our guests you’ve never seen before. Subscribe to ‪ @Amine.Belghazi and let us know in the comments which guests you’d love to see in the next episodes! 🙏🏻🫡 lSPECIAL THANKS TO @SamsungMorocco FOR THE SUPPORT! ➡️Crée et présenté par : @Amine.Belghazi IG: https://www.instagram.com/aminebelghazii/ ➡️Production : UPGROW MARKETING IG: https://www.instagram.com/up_grow_marketing/ ➡️Réalisateur, post prod : Youness RAKI IG: https://www.instagram.com/youness.raki10/ ➡️Equipe PROD : ➡️Directeur de Projet: Soufiane Zhar IG: https://www.instagram.com/zhrsoufiane21/ ➡️Responsable du contenu: Amine LOURAOUI IG: https://www.instagram.com/amine_louraoui/ ➡️Responsable de la communication et Branding: Chaimae AOURARH IG: https://www.instagram.com/chaimae_aourarh/ ➡️ Composition générique et effets sonores: Amine Louraoui & Naoufal lamrani IG: https://www.instagram.com/ditto.wb/ IG: https://www.instagram.com/amine_louraoui/ ➡️Designer, Infographiste : Anas FAKHIR IG: https://www.instagram.com/0000000fucksgiven/ ➡️Prof de JUDO : El mehdi ESSAFI IG: https://www.instagram.com/hardmed_ess/ ➡️Coach : Badr GARCHAL IG: https://www.instagram.com/badrogoo/ #GYMTERVIEW #gym #maroc #humor #interview #humour #المغرب #maroc #morocco #youtubeshorts #youtube #new #جديد #lifestylevlog #lifestyle #funny #challenge #fun #music #challenge #المغرب #trendingshorts #trending #tendance #sports #laugh #friendship #ضحك #نجوم_المغرب #ترند #يوتيوب #sports #funny #acting #streaming #gym #reaction","maroc,morocco,ilyaselmalki,tendance,إلياس المالكي,youtube,المغرب,Algerie,فضيحة,chouftv,trend,الضحك,babyshark,جديد,rapmarocain,مغربي,يوتيوب,نجوم_المغرب,streaming,reaction,chaabi,moroccanpop,Stormy,SANTE,FOOTBALL,SEDRATY,KORAX90,BIMO,COUPEDUMONDE,FINALE,سياسة,الصحة,التعليم,PODCAST,كرة القدم,MONEY,CAN,bimo,SAHARA,FITNESS,TIKTOK,JAMALALPHA,كأس الأمم الإفريقية,CAF,HAKIMI,MANAL,CHAMPIONSLEAGUE,ACHRAFSABIRI,HAJOUI,COMEDIE,MAGHREBSTAR,فياضانات,القصر الكبير,عقوبات الكاف,UEFA,ELGRANDETOTO,AFCON",24,Entertainment,"Humour,Lifestyle_(sociology)",PT54M37S,3277,2d,hd,false,ar,ar,https://i.ytimg.com/vi/4ct4Epj-Gos/maxresdefault.jpg,1,1,,,,125101,5246,,0,235
4,UCuFShSOeICKKNqEVfJ8XU-w,"Amine Belghazi",lRyXzXj-YgQ,2025-12-04T19:00:52Z,"2025-12-04 19:00:52","الحلقة التاسعة : طاااااكي على راسك … كلشي تبرهش فهاد الحلقة 🥊💪😂😂😂 @BahaeSanari REDAELALAOUI#","GYMTERVIEW: كونيسبط جديد و 100% مغربي 🇲🇦 حلقات كاتجمع الضحك و بزاف ديال التحديات لي غادي تخليكم تشوفو الضيوف فوجه آخر و الأكيد أنكم غادي تشبعووو ضحك 😂 ماتنساوش ديرو متابعة و الاشتراك فالقناة‪ @Amine.Belghazi و قولو لينا شكون تبغيو تشوفو فالحلقات جايين ❤️ GYMTERVIEW est un concept original, 100 % marocain 🇲🇦 , inédit dans le monde entier ! Un format unique qui mêle des sessions d’entraînement fun, une interview décalée et des challenges surprenants pour découvrir nos invités comme vous ne les avez jamais vus. Abonnez-vous à la chaîne de ‪ @Amine.Belghazi et dites-nous en commentaire quels invités vous aimeriez voir dans les prochains épisodes ! GYMTERVIEW is the original concept, 100% Moroccan 🇲🇦, and totally unique worldwide! A one-of-a-kind format that combines fun workout sessions, an offbeat interview, and surprising challenges to reveal sides of our guests you’ve never seen before. Subscribe to ‪ @Amine.Belghazi and let us know in the comments which guests you’d love to see in the next episodes! 🙏🏻🫡 lSPECIAL THANKS TO @SamsungMorocco FOR THE SUPPORT! ➡️Crée et présenté par : @Amine.Belghazi IG: https://www.instagram.com/aminebelghazii/ ➡️Production : UPGROW MARKETING IG: https://www.instagram.com/up_grow_marketing/ ➡️Réalisateur, post prod : Youness RAKI IG: https://www.instagram.com/youness.raki10/ ➡️Equipe PROD : ➡️Directeur de Projet: Soufiane Zhar IG: https://www.instagram.com/zhrsoufiane21/ ➡️Responsable du contenu: Amine LOURAOUI IG: https://www.instagram.com/amine_louraoui/ ➡️Responsable de la communication et Branding: Chaimae AOURARH IG: https://www.instagram.com/chaimae_aourarh/ ➡️ Composition générique et effets sonores: Amine Louraoui & Naoufal lamrani IG: https://www.instagram.com/ditto.wb/ IG: https://www.instagram.com/amine_louraoui/ ➡️Designer, Infographiste : Anas FAKHIR IG: https://www.instagram.com/0000000fucksgiven/ ➡️Prof de JUDO : El mehdi ESSAFI IG: https://www.instagram.com/hardmed_ess/ ➡️Coach : Badr GARCHAL IG: https://www.instagram.com/badrogoo/ #GYMTERVIEW #gym #maroc #humor #interview #humour #المغرب #maroc #morocco #youtubeshorts #youtube #new #جديد #lifestylevlog #lifestyle #funny #challenge #fun #music #challenge #المغرب #trendingshorts #trending #tendance #sports #laugh #friendship #ضحك #نجوم_المغرب #ترند #يوتيوب #sports #funny #acting #streaming #gym #reaction","maroc,morocco,ilyaselmalki,tendance,إلياس المالكي,youtube,المغرب,Algerie,tunisie,زوبير هلال,فضيحة,chouftv,trend,الضحك,Mrbeast,babyshark,جديد,rapmarocain,مغربي,ترند,يوتيوب,نجوم_المغرب,streaming,stream,reaction,chaabi,moroccanpop,chaos,Mahmawda,Stormy,zouhairzair,SANTE,FOOTBALL,SEDRATY,KORAX90,BIMO,COUPEDUMONDE,FINALE,أشبال الأطلس,سياسة,جيلZ,الصحة,التعليم,PODCAST,كرة القدم,RAJA,MONEY,CAN,bimo,SAHARA,FITNESS,KAWTARBAMO,SWINGA,REDTAPE,TIKTOK,JAMALALPHA,maes,كأس العرب,كأس الأمم الإفريقية",24,Entertainment,"Humour,Lifestyle_(sociology)",PT1H20M43S,1243,2d,hd,false,fr,ar,https://i.ytimg.com/vi/lRyXzXj-YgQ/maxresdefault.jpg,1,1,,,,139554,4761,,0,544
5,UCuFShSOeICKKNqEVfJ8XU-w,"Amine Belghazi",IMLt1bgjgNs,2025-11-13T19:00:17Z,"2025-11-13 19:00:17","الحلقة الثامنة : الحلقة لي كوووولشي كايتسناها 🔥😂💪 @BIMO1","GYMTERVIEW: كونيسبط جديد و 100% مغربي 🇲🇦 حلقات كاتجمع الضحك و بزاف ديال التحديات لي غادي تخليكم تشوفو الضيوف فوجه آخر و الأكيد أنكم غادي تشبعووو ضحك 😂 ماتنساوش ديرو متابعة و الاشتراك فالقناة‪ @Amine.Belghazi و قولو لينا شكون تبغيو تشوفو فالحلقات جايين ❤️ GYMTERVIEW est un concept original, 100 % marocain 🇲🇦 , inédit dans le monde entier ! Un format unique qui mêle des sessions d’entraînement fun, une interview décalée et des challenges surprenants pour découvrir nos invités comme vous ne les avez jamais vus. Abonnez-vous à la chaîne de ‪ @Amine.Belghazi et dites-nous en commentaire quels invités vous aimeriez voir dans les prochains épisodes ! GYMTERVIEW is the original concept, 100% Moroccan 🇲🇦, and totally unique worldwide! A one-of-a-kind format that combines fun workout sessions, an offbeat interview, and surprising challenges to reveal sides of our guests you’ve never seen before. Subscribe to ‪ @Amine.Belghazi and let us know in the comments which guests you’d love to see in the next episodes! ➡️Crée et présenté par : @Amine.Belghazi IG: https://www.instagram.com/aminebelghazii/ ➡️Production : UPGROW MARKETING IG: https://www.instagram.com/up_grow_marketing/ ➡️Réalisateur, post prod : Youness RAKI IG: https://www.instagram.com/youness.raki10/ ➡️Equipe PROD : ➡️Directeur de Projet: Soufiane Zhar IG: https://www.instagram.com/zhrsoufiane21/ ➡️Responsable du contenu: Amine LOURAOUI IG: https://www.instagram.com/amine_louraoui/ ➡️Responsable de la communication et Branding: Chaimae AOURARH IG: https://www.instagram.com/chaimae_aourarh/ ➡️ Composition générique et effets sonores: Amine Louraoui & Naoufal lamrani IG: https://www.instagram.com/ditto.wb/ IG: https://www.instagram.com/amine_louraoui/ ➡️Designer, Infographiste : Anas FAKHIR IG: https://www.instagram.com/0000000fucksgiven/ ➡️Prof de JUDO : El mehdi ESSAFI IG: https://www.instagram.com/hardmed_ess/ ➡️Coach : IMAD Elammari IG : https://www.instagram.com/ammaimad1/?utm_source=qr #GYMTERVIEW #gym #maroc #humor #interview #humour #المغرب #maroc #morocco #youtubeshorts #youtube #new #جديد #lifestylevlog #lifestyle #funny #challenge #fun #music #challenge #المغرب #trendingshorts #trending #tendance #sports #laugh #friendship #ضحك #نجوم_المغرب #ترند #يوتيوب #sports #funny #acting #streaming #gym #reaction","maroc,morocco,ilyaselmalki,tendance,إلياس المالكي,youtube,المغرب,Algerie,tunisie,ezzoubair Hilal,زوبير هلال,فضيحة,chouftv,trend,الضحك,Mrbeast,babyshark,جديد,rapmarocain,مغربي,ترند,يوتيوب,نجوم_المغرب,streaming,stream,reaction,chaabi,moroccanpop,chaos,Mahmawda,Stormy,zouhairzair,GENZ212,SANTE,FOOTBALL,SEDRATY,KORAX90,BIMO,COUPEDUMONDE,FINALE,أشبال الأطلس,سياسة,جيلZ,الصحة,التعليم,PODCAST,كرة القدم,RAJA,MONEY,CAN,PUB,U17,bimo,SAHARA,FITNESS,KAWTARBAMO,SWINGA,REDTAPE,TIKTOK,JAMALALPHA",24,Entertainment,"Humour,Lifestyle_(sociology)",PT1H22M32S,1352,2d,hd,false,fr,ar,https://i.ytimg.com/vi/IMLt1bgjgNs/maxresdefault.jpg,1,,,,,421288,25160,,0,907
6,UCuFShSOeICKKNqEVfJ8XU-w,"Amine Belghazi",GEhr9dMGBU8,2025-10-30T19:00:25Z,"2025-10-30 19:00:25","الحلقة السابعة: مامبا صدق ماشي كيليميني، حلقة كلها ضحك 😂💪 @mambahfit","GYMTERVIEW est un concept original, 100 % marocain 🇲🇦 , inédit dans le monde entier ! Un format unique qui mêle des sessions d’entraînement fun, une interview décalée et des challenges surprenants pour découvrir nos invités comme vous ne les avez jamais vus. Abonnez-vous à la chaîne de ‪ @Amine.Belghazi et dites-nous en commentaire quels invités vous aimeriez voir dans les prochains épisodes ! GYMTERVIEW: كونيسبط جديد و 100% مغربي 🇲🇦 حلقات كاتجمع الضحك و بزاف ديال التحديات لي غادي تخليكم تشوفو الضيوف فوجه آخر و الأكيد أنكم غادي تشبعووو ضحك 😂 ماتنساوش ديرو متابعة و الاشتراك فالقناة‪ @Amine.Belghazi و قولو لينا شكون تبغيو تشوفو فالحلقات جايين ❤️ GYMTERVIEW is the original concept, 100% Moroccan 🇲🇦, and totally unique worldwide! A one-of-a-kind format that combines fun workout sessions, an offbeat interview, and surprising challenges to reveal sides of our guests you’ve never seen before. Subscribe to ‪ @Amine.Belghazi and let us know in the comments which guests you’d love to see in the next episodes! ➡️Crée et présenté par : @Amine.Belghazi IG: https://www.instagram.com/aminebelghazii/ ➡️Production : UPGROW MARKETING IG: https://www.instagram.com/up_grow_marketing/ ➡️Réalisateur, post prod : Youness RAKI IG: https://www.instagram.com/youness.raki10/ ➡️Equipe PROD : ➡️Directeur de Projet: Soufiane Zhar IG: https://www.instagram.com/zhrsoufiane21/ ➡️Responsable du contenu: Amine LOURAOUI IG: https://www.instagram.com/amine_louraoui/ ➡️Responsable de la communication et Branding: Chaimae AOURARH IG: https://www.instagram.com/chaimae_aourarh/ ➡️ Composition générique et effets sonores: Amine Louraoui & Naoufal lamrani IG: https://www.instagram.com/ditto.wb/ IG: https://www.instagram.com/amine_louraoui/ ➡️Designer, Infographiste : Anas FAKHIR IG: https://www.instagram.com/0000000fucksgiven/ ➡️Prof de JUDO : El mehdi ESSAFI IG: https://www.instagram.com/hardmed_ess/ ➡️Coach : Badr GARCHAL IG: https://www.instagram.com/badrogoo/ #GYMTERVIEW #gym #maroc #humor #interview #humour #المغرب #maroc #morocco #youtubeshorts #youtube #new #جديد #lifestylevlog #lifestyle #funny #gnawamusic #fun #music #challenge #المغرب #trendingshorts #trending #tendance #sports #laugh #friendship #ضحك #نجوم_المغرب #ترند #يوتيوب #sports #funny #acting #streaming #gym #reaction","maroc,morocco,ilyaselmalki,tendance,إلياس المالكي,youtube,المغرب,Algerie,tunisie,ezzoubair Hilal,زوبير هلال,فضيحة,chouftv,trend,الضحك,Mrbeast,babyshark,farouklife,جديد,rapmarocain,مغربي,ترند,يوتيوب,نجوم_المغرب,streaming,stream,reaction,chaabi,moroccanpop,chaos,Mahmawda,podcast,Stormy,zouhairzair,DRAGANOV,GENZ212,SANTE,EDUCATION,FOOTBALL,U20,SEDRATY,KORAX90,BIMO,COUPEDUMONDE,FINALE,أشبال الأطلس,UNDERGROUD,سياسة,جيلZ,الصحة,التعليم,PODCAST,PENALTY,كرة القدم,RCA,WAC,RAJA,MAMBAHFIT,MONEY",24,Entertainment,"Humour,Lifestyle_(sociology),Television_program",PT1H20M29S,1229,2d,hd,false,fr,ar,https://i.ytimg.com/vi/GEhr9dMGBU8/maxresdefault.jpg,1,,,,,409907,11713,,0,532
7,UCuFShSOeICKKNqEVfJ8XU-w,"Amine Belghazi",TlJ09NEhtFs,2025-10-16T18:30:36Z,"2025-10-16 18:30:36","الحلقة السادسة: فهد بنشمسي ضحك عليا مزياااان 😂😂😂 @fehdbenchemsi","GYMTERVIEW est un concept original, 100 % marocain 🇲🇦 , inédit dans le monde entier ! Un format unique qui mêle des sessions d’entraînement fun, une interview décalée et des challenges surprenants pour découvrir nos invités comme vous ne les avez jamais vus. Abonnez-vous à la chaîne de ‪ @Amine.Belghazi et dites-nous en commentaire quels invités vous aimeriez voir dans les prochains épisodes ! GYMTERVIEW: كونيسبط جديد و 100% مغربي 🇲🇦 حلقات كاتجمع الضحك و بزاف ديال التحديات لي غادي تخليكم تشوفو الضيوف فوجه آخر و الأكيد أنكم غادي تشبعووو ضحك 😂 ماتنساوش ديرو متابعة و الاشتراك فالقناة‪ @Amine.Belghazi و قولو لينا شكون تبغيو تشوفو فالحلقات جايين ❤️ GYMTERVIEW is the original concept, 100% Moroccan 🇲🇦, and totally unique worldwide! A one-of-a-kind format that combines fun workout sessions, an offbeat interview, and surprising challenges to reveal sides of our guests you’ve never seen before. Subscribe to ‪ @Amine.Belghazi and let us know in the comments which guests you’d love to see in the next episodes! ➡️Crée et présenté par : @Amine.Belghazi IG: https://www.instagram.com/aminebelghazii/ ➡️Production : UPGROW MARKETING IG: https://www.instagram.com/up_grow_marketing/ ➡️Réalisateur, post prod : Youness RAKI IG: https://www.instagram.com/youness.raki10/ ➡️Equipe PROD : ➡️Directeur de Projet: Soufiane Zhar IG: https://www.instagram.com/zhrsoufiane21/ ➡️Responsable du contenu: Amine LOURAOUI IG: https://www.instagram.com/amine_louraoui/ ➡️Responsable de la communication et Branding: Chaimae AOURARH IG: https://www.instagram.com/chaimae_aourarh/ ➡️ Composition générique et effets sonores: Amine Louraoui & Naoufal lamrani IG: https://www.instagram.com/ditto.wb/ IG: https://www.instagram.com/amine_louraoui/ ➡️Designer, Infographiste : Anas FAKHIR IG: https://www.instagram.com/0000000fucksgiven/ ➡️Prof de JUDO : El mehdi ESSAFI IG: https://www.instagram.com/hardmed_ess/ ➡️Coach : Badr GARCHAL IG: https://www.instagram.com/badrogoo/ #GYMTERVIEW #gym #maroc #humor #interview #humour #المغرب #maroc #morocco #youtubeshorts #youtube #new #جديد #lifestylevlog #lifestyle #funny #gnawamusic #fun #music #challenge #المغرب #trendingshorts #trending #tendance #sports #laugh #friendship #ضحك #نجوم_المغرب #ترند #يوتيوب #sports #funny #acting #streaming #gym #reaction","maroc,morocco,ilyaselmalki,tendance,إلياس المالكي,youtube,المغرب,Algerie,tunisie,ezzoubair Hilal,زوبير هلال,فضيحة,chouftv,trend,الضحك,MBC,Mrbeast,babyshark,farouklife,جديد,rapmarocain,مغربي,ترند,يوتيوب,نجوم_المغرب,streaming,stream,reaction,chaabi,moroccanpop,chaos,Mahmawda,podcast,Stormy,zouhairzair,DRAGANOV,GENZ212,SANTE,EDUCATION,GNAOUA,FOOTBALL,U20,MAROCFRANCE,SEDRATY,KORAX90,BIMO,COUPEDUMONDE,FINALE,أشبال الأطلس,UNDERGROUD,POLITICS,سياسة,جيلZ,الصحة,التعليم,PODCAST,PENALTY,كرة القدم",24,Entertainment,"Entertainment,Humour,Television_program",PT51M11S,3071,2d,hd,false,fr,ar,https://i.ytimg.com/vi/TlJ09NEhtFs/maxresdefault.jpg,1,,,,,123782,3444,,0,126
8,UCuFShSOeICKKNqEVfJ8XU-w,"Amine Belghazi",S11Uzt9hiVg,2025-09-17T19:00:33Z,"2025-09-17 19:00:33","الحلقة الخامسة : المعنى الحقيقي ديال امجنن حلقة مع هاد المسطي 😂 @Zouhairzair","GYMTERVIEW, c’est le concept original, 100 % marocain 🇲🇦 , inédit dans le monde entier ! Un format unique qui mêle des sessions d’entraînement fun, une interview décalée et des challenges surprenants pour découvrir nos invités comme vous ne les avez jamais vus. Abonnez-vous à la chaîne de ‪ @Amine.Belghazi et dites-nous en commentaire quels invités vous aimeriez voir dans les prochains épisodes ! GYMTERVIEW: كونيسبط جديد و 100% مغربي 🇲🇦 حلقات كاتجمع الضحك و بزاف ديال التحديات لي غادي تخليكم تشوفو الضيوف فوجه آخر و الأكيد أنكم غادي تشبعووو ضحك 😂 ماتنساوش ديرو متابعة و الاشتراك فالقناة‪ @Amine.Belghazi و قولو لينا شكون تبغيو تشوفو فالحلقات جايين ❤️ GYMTERVIEW is the original concept, 100% Moroccan 🇲🇦, and totally unique worldwide! A one-of-a-kind format that combines fun workout sessions, an offbeat interview, and surprising challenges to reveal sides of our guests you’ve never seen before. Subscribe to ‪ @Amine.Belghazi and let us know in the comments which guests you’d love to see in the next episodes! ➡️Crée et présenté par : @Amine.Belghazi IG: https://www.instagram.com/aminebelghazii/ ➡️Production : UPGROW MARKETING IG: https://www.instagram.com/up_grow_marketing/ ➡️Réalisateur, post prod : Youness RAKI IG: https://www.instagram.com/youness.raki10/ ➡️Equipe PROD : ➡️Directeur de Projet: Soufiane Zhar IG: https://www.instagram.com/zhrsoufiane21/ ➡️Responsable du contenu: Amine LOURAOUI IG: https://www.instagram.com/amine_louraoui/ ➡️Responsable de la communication et Branding: Chaimae AOURARH IG: https://www.instagram.com/chaimae_aourarh/ ➡️ Composition générique et effets sonores: Amine Louraoui & Naoufal lamrani IG: https://www.instagram.com/ditto.wb/ IG: https://www.instagram.com/amine_louraoui/ ➡️Designer, Infographiste : Anas FAKHIR IG: https://www.instagram.com/0000000fucksgiven/ ➡️Prof de JUDO : El mehdi ESSAFI IG: https://www.instagram.com/hardmed_ess/ ➡️Coach : Badr GARCHAL IG: https://www.instagram.com/badrogoo/ #GYMTERVIEW #gym #maroc #humor #interview #humour #المغرب #maroc #morocco #youtubeshorts #youtube #new #جديد #lifestylevlog #lifestyle #funny #boxing #fun #star #اكسبلور #المغرب #trendingshorts #trending #tendance #sports #laugh #friendship #ضحك #نجوم_المغرب #ترند #يوتيوب #sports #funny #streamer #streaming #gym #reaction 00:00 INTRODUCTION 01:14:15 التسخيفات 07:09 أسئلة تحت الضغط 11:45 كون سبع و جاوبني 31:56 سويرتي مولانا 43:18 النشاط ها هو شاط","ELgrandetoto,simosedraty,kawtarbamo,ayoubidri,maroc,morocco,ilyaselmalki,Real madrid,tendance,إلياس المالكي,youtube,المغرب,draganov,شيرين,Algerie,tunisie,ezzoubair Hilal,زوبير هلال,فضيحة,chouftv,trend,saadlamjarred,duniabatma,الضحك,MBC,Mrbeast,babyshark,farouklife,جديد,rapmarocain,marocain,مغربي,ترند,يوتيوب,نجوم_المغرب,streaming,stream,reaction,lesinqualifiables,chaabi,moroccanpop,summer2025,Tach,ghita asfour,chaos,Mahmawda,podcast,Stormy,LHARBA,zouhairzair,tach,DRAGANOV",24,Entertainment,"Entertainment,Humour",PT48M29S,2909,2d,hd,false,ar,ar,https://i.ytimg.com/vi/S11Uzt9hiVg/maxresdefault.jpg,1,,,,,316971,6853,,0,242
9,UCuFShSOeICKKNqEVfJ8XU-w,"Amine Belghazi",gHrDvmlwJBk,2025-08-29T19:00:47Z,"2025-08-29 19:00:47","الحلقة الرابعة : أحسن VIBE مع هاد جوج حماق 😂🔥 @chaos333gg @moodinmaze","GYMTERVIEW, c’est le concept original, 100 % marocain 🇲🇦 , inédit dans le monde entier ! Un format unique qui mêle des sessions d’entraînement fun, une interview décalée et des challenges surprenants pour découvrir nos invités comme vous ne les avez jamais vus. Abonnez-vous à la chaîne de ‪ @Amine.Belghazi et dites-nous en commentaire quels invités vous aimeriez voir dans les prochains épisodes ! GYMTERVIEW: كونيسبط جديد و 100% مغربي 🇲🇦 حلقات كاتجمع الضحك و بزاف ديال التحديات لي غادي تخليكم تشوفو الضيوف فوجه آخر و الأكيد أنكم غادي تشبعووو ضحك 😂 ماتنساوش ديرو متابعة و الاشتراك فالقناة‪ @Amine.Belghazi و قولو لينا شكون تبغيو تشوفو فالحلقات جايين ❤️ GYMTERVIEW is the original concept, 100% Moroccan 🇲🇦, and totally unique worldwide! A one-of-a-kind format that combines fun workout sessions, an offbeat interview, and surprising challenges to reveal sides of our guests you’ve never seen before. Subscribe to ‪ @Amine.Belghazi and let us know in the comments which guests you’d love to see in the next episodes! ➡️Crée et présenté par : @Amine.Belghazi IG: https://www.instagram.com/aminebelghazii/ ➡️Production : UPGROW MARKETING IG: https://www.instagram.com/up_grow_marketing/ ➡️Réalisateur, post prod : Youness RAKI IG: https://www.instagram.com/youness.raki10/ ➡️Equipe PROD : ➡️Directeur de Projet: Soufiane Zhar IG: https://www.instagram.com/zhrsoufiane21/ ➡️Responsable du contenu: Amine LOURAOUI IG: https://www.instagram.com/amine_louraoui/ ➡️Responsable de la communication et Branding: Chaimae AOURARH IG: https://www.instagram.com/chaimae_aourarh/ ➡️ Composition générique et effets sonores: Amine Louraoui & Naoufal lamrani IG: https://www.instagram.com/ditto.wb/ IG: https://www.instagram.com/amine_louraoui/ ➡️Designer, Infographiste : Anas FAKHIR IG: https://www.instagram.com/0000000fucksgiven/ ➡️Prof de JUDO : El mehdi ESSAFI IG: https://www.instagram.com/hardmed_ess/ ➡️Coach : Badr GARCHAL IG: https://www.instagram.com/badrogoo/ #GYMTERVIEW #gym #maroc #humor #interview #humour #المغرب #maroc #morocco #youtubeshorts #youtube #new #جديد #lifestylevlog #lifestyle #funny #boxing #fun #star #اكسبلور #المغرب #trendingshorts #trending #tendance #sports #laugh #friendship #ضحك #نجوم_المغرب #ترند #يوتيوب #sports #funny #streamer #streaming #gym #reaction","ELgrandetoto,simosedraty,kawtarbamo,ayoubidri,maroc,mambafit,morocco,ilyaselmalki,Real madrid,tendance,إلياس المالكي,youtube,المغرب,draganov,شيرين,Algerie,tunisie,ضحك تخسر,ezzoubair Hilal,زوبير هلال,فضيحة,chouftv,trend,saadlamjarred,duniabatma,الضحك,BBC,MBC,Mrbeast,babyshark,farouklife,جديد,rapmarocain,marocain,مغربي,ترند,يوتيوب,نجوم_المغرب,streaming,stream,reaction,oussamaramzi,lesinqualifiables,chaabi,moroccanpop,summer2025,Tach,ghita asfour,chaos,Mahmawda,podcast,Stormy,LHARBA",24,Entertainment,"Humour,Lifestyle_(sociology)",PT1H5M12S,312,2d,hd,false,fr,ar,https://i.ytimg.com/vi/gHrDvmlwJBk/maxresdefault.jpg,1,,,,,804929,28258,,0,676
10,UCuFShSOeICKKNqEVfJ8XU-w,"Amine Belghazi",zUDmH-1ggmA,2025-08-12T19:00:52Z,"2025-08-12 19:00:52","الحلقة الثالثة: عمركوم ماشفتو سلمى فايدة ​فهاد الحالة 😂 ساليتهوم ليها 😈😂","GYMTERVIEW, c’est le concept original, 100 % marocain 🇲🇦 , inédit dans le monde entier ! Un format unique qui mêle des sessions d’entraînement fun, une interview décalée et des challenges surprenants pour découvrir nos invités comme vous ne les avez jamais vus. Abonnez-vous à la chaîne de ‪ @Amine.Belghazi et dites-nous en commentaire quels invités vous aimeriez voir dans les prochains épisodes ! GYMTERVIEW: كونيسبط جديد و 100% مغربي 🇲🇦 حلقات كاتجمع الضحك و بزاف ديال التحديات لي غادي تخليكم تشوفو الضيوف فوجه آخر و الأكيد أنكم غادي تشبعووو ضحك 😂 ماتنساوش ديرو متابعة و الاشتراك فالقناة‪ @Amine.Belghazi و قولو لينا شكون تبغيو تشوفو فالحلقات جايين ❤️ GYMTERVIEW is the original concept, 100% Moroccan 🇲🇦, and totally unique worldwide! A one-of-a-kind format that combines fun workout sessions, an offbeat interview, and surprising challenges to reveal sides of our guests you’ve never seen before. Subscribe to ‪ @Amine.Belghazi and let us know in the comments which guests you’d love to see in the next episodes! ➡️Crée et présenté par : @Amine.Belghazi IG: https://www.instagram.com/aminebelghazii/ ➡️Production : UPGROW MARKETING IG: https://www.instagram.com/up_grow_marketing/ ➡️Réalisateur, post prod : Youness RAKI IG: https://www.instagram.com/youness.raki10/ ➡️Equipe PROD : ➡️Directeur de Projet: Soufiane Zhar IG: https://www.instagram.com/zhrsoufiane21/ ➡️Responsable du contenu: Amine LOURAOUI IG: https://www.instagram.com/amine_louraoui/ ➡️Responsable de la communication et Branding: Chaimae AOURARH IG: https://www.instagram.com/chaimae_aourarh/ ➡️ Composition générique et effets sonores: Amine Louraoui & Naoufal lamrani IG: https://www.instagram.com/ditto.wb/ IG: https://www.instagram.com/amine_louraoui/ ➡️Designer, Infographiste : Anas FAKHIR IG: https://www.instagram.com/0000000fucksgiven/ ➡️Prof de JUDO : Ziane Wissal IG: https://www.instagram.com/zianewissal/ ➡️Coach : Badr GARCH #GYMTERVIEW #gym #maroc #humor #interview #humour #المغرب #maroc #morocco #youtubeshorts #youtube #new #جديد #lifestylevlog #lifestyle #funny #boxing #fun #star #اكسبلور #المغرب #trendingshorts #trending #tendance #sports #laugh #friendship #ضحك #نجوم_المغرب #ترند #يوتيوب","ELgrandetoto,mawazine,simosedraty,kawtarbamo,ayoubidri,maroc,mambafit,morocco,ilyaselmalki,Real madrid,بونو,tendance,إلياس المالكي,youtube,المغرب,draganov,شيرين,Algerie,tunisie,ضحك تخسر,ezzoubair Hilal,زوبير هلال,فضيحة,chouftv,trend,jaylann,saadlamjarred,duniabatma,الضحك,BBC,MBC,Mrbeast,babyshark,farouklife,معركة الحب,جديد,rapmarocain,Jamshow,rachidrafik,memes,marocain,مغربي,ترند,يوتيوب,نجوم_المغرب,streaming,stream,reaction,oussamaramzi,lesinqualifiables,chaabi,moroccanpop,summer2025",24,Entertainment,"Humour,Lifestyle_(sociology)",PT39M59S,2399,2d,hd,false,ar,ar,https://i.ytimg.com/vi/zUDmH-1ggmA/maxresdefault.jpg,1,,,,,271223,9376,,0,375
11,UCuFShSOeICKKNqEVfJ8XU-w,"Amine Belghazi",2i-FcgIc85k,2025-07-24T20:26:42Z,"2025-07-24 20:26:42","الحلقة تلااااااحت، فنظركم أسامة غادي يتصالح معايا 😂😂🙏 #اكسبلور #اعتني #المغرب #اكسبلور #gym",,,24,Entertainment,"Entertainment,Film,Humour,Television_program",PT1M,60,2d,hd,false,ar,ar,https://i.ytimg.com/vi/2i-FcgIc85k/maxresdefault.jpg,1,,,,,28851,810,,0,5
12,UCuFShSOeICKKNqEVfJ8XU-w,"Amine Belghazi",uhi4SIUG7pM,2025-07-24T19:15:21Z,"2025-07-24 19:15:21","الحلقة الثانية : أسامة رمزي ندم حيت جا عندي 😂 عرقنا غير بالضحك 🏋️‍♂️😂 @OussamaRamzi","GYMTERVIEW, c’est le concept original, 100 % marocain 🇲🇦 , inédit dans le monde entier ! Un format unique qui mêle des sessions d’entraînement fun, une interview décalée et des challenges surprenants pour découvrir nos invités comme vous ne les avez jamais vus. Abonnez-vous à la chaîne de ‪@Amine.Belghazi et dites-nous en commentaire quels invités vous aimeriez voir dans les prochains épisodes ! GYMTERVIEW: كونيسبط جديد و 100% مغربي 🇲🇦 حلقات كاتجمع الضحك و بزاف ديال التحديات لي غادي تخليكم تشوفو الضيوف فوجه آخر و الأكيد أنكم غادي تشبعووو ضحك 😂 ماتنساوش ديرو متابعة و الاشتراك فالقناة‪@Amine.Belghazi و قولو لينا شكون تبغيو تشوفو فالحلقات جايين ❤️ GYMTERVIEW is the original concept, 100% Moroccan 🇲🇦, and totally unique worldwide! A one-of-a-kind format that combines fun workout sessions, an offbeat interview, and surprising challenges to reveal sides of our guests you’ve never seen before. Subscribe to ‪@Amine.Belghazi and let us know in the comments which guests you’d love to see in the next episodes! ➡️ Cette vidéo est sponsorisée par SUPEOCCAZ IG: https://www.instagram.com/superoccazmaroc/ ➡️Crée et présenté par : @Amine.Belghazi IG: https://www.instagram.com/aminebelghazii/ ➡️Production : UPGROW MARKETING IG: https://www.instagram.com/up_grow_marketing/ ➡️Equipe PROD : ➡️Directeur de Projet: Soufiane Zhar IG: https://www.instagram.com/zhrsoufiane21/ ➡️Responsable du contenu: Amine LOURAOUI IG: https://www.instagram.com/amine_louraoui/ ➡️Responsable de la communication et Branding: Chaimae AOURARH IG: https://www.instagram.com/chaimae_aourarh/ ➡️ Composition générique et effets sonores: Amine Louraoui & Naoufal lamrani IG: https://www.instagram.com/ditto.wb/ IG: https://www.instagram.com/amine_louraoui/ ➡️Designer, Infographiste : Anas FAKHIR IG: https://www.instagram.com/0000000fucksgiven/ ➡️Prof de JUDO : El mehdi ESSAFI IG: https://www.instagram.com/hardmed_ess/ ➡️Coach : Badr GARCH #GYMTERVIEW #gym #maroc #humor #interview #humour #المغرب #maroc #morocco #youtubeshorts #youtube #new #جديد #lifestylevlog #lifestyle #funny #boxing #fun #star #اكسبلور #المغرب #trendingshorts #trending #tendance #sports #laugh #friendship #ضحك #نجوم_المغرب #ترند #يوتيوب","ELgrandetoto,mawazine,simosedraty,kawtarbamo,ayoubidri,maroc,mambafit,morocco,ilyaselmalki,Real madrid,بونو,tendance,إلياس المالكي,youtube,المغرب,draganov,شيرين,Algerie,tunisie,ضحك تخسر,ezzoubair Hilal,زوبير هلال,فضيحة,chouftv,trend,jaylann,saadlamjarred,duniabatma,الضحك,BBC,MBC,Mrbeast,babyshark,farouklife,معركة الحب,جديد,rapmarocain,Jamshow,rachidrafik,memes,marocain,مغربي,ترند,يوتيوب,نجوم_المغرب,streaming,stream,reaction,oussamaramzi,lesinqualifiables,chaabi,moroccanpop,summer2025",24,Entertainment,"Entertainment,Humour",PT47M11S,2831,2d,hd,false,ar,ar,https://i.ytimg.com/vi/uhi4SIUG7pM/maxresdefault.jpg,1,1,,,,298699,8247,,0,340
13,UCuFShSOeICKKNqEVfJ8XU-w,"Amine Belghazi",BnXL1hAYRRQ,2025-07-13T22:33:27Z,"2025-07-13 22:33:27","شنو اللقطة لي عجباتكم فالحلقة 😂😂",,,24,Entertainment,Humour,PT9S,9,2d,hd,false,ar,ar,https://i.ytimg.com/vi/BnXL1hAYRRQ/maxresdefault.jpg,1,,,,,18785,151,,0,4
14,UCuFShSOeICKKNqEVfJ8XU-w,"Amine Belghazi",BIpWfweC4gQ,2025-07-02T19:08:51Z,"2025-07-02 19:08:51","GYMTERVIEW EP 01 (ft @SimoSedraty) الحلقة الأولى: أحمق حلقة مع الصدراتي 😂💪🏋️‍♂️","GYMTERVIEW, c’est le concept original, 100 % marocain 🇲🇦 , inédit dans le monde entier ! Un format unique qui mêle des sessions d’entraînement fun, une interview décalée et des challenges surprenants pour découvrir nos invités comme vous ne les avez jamais vus. Abonnez-vous à la chaîne de @Amine.Belghazi et dites-nous en commentaire quels invités vous aimeriez voir dans les prochains épisodes ! GYMTERVIEW: كونيسبط جديد و 100% مغربي 🇲🇦 حلقات كاتجمع الضحك و بزاف ديال التحديات لي غادي تخليكم تشوفو الضيوف فوجه آخر و الأكيد أنكم غادي تشبعووو ضحك 😂 ماتنساوش ديرو متابعة و الاشتراك فالقناة@Amine.Belghazi و قولو لينا شكون تبغيو تشوفو فالحلقات جايين ❤️ GYMTERVIEW is the original concept, 100% Moroccan 🇲🇦, and totally unique worldwide! A one-of-a-kind format that combines fun workout sessions, an offbeat interview, and surprising challenges to reveal sides of our guests you’ve never seen before. Subscribe to @Amine.Belghazi and let us know in the comments which guests you’d love to see in the next episodes! ➡️Crée et présenté par : @Amine.Belghazi IG: https://www.instagram.com/aminebelghazii/ ➡️Production : UPGROW MARKETING IG: https://www.instagram.com/up_grow_marketing/ ➡️Equipe PROD : ➡️Directeur de Projet: Soufiane Zhar IG: https://www.instagram.com/zhrsoufiane21/ ➡️Responsable du contenu: Amine LOURAOUI IG: https://www.instagram.com/amine_louraoui/ ➡️Responsable de la communication et Branding: Chaimae AOURARH IG: https://www.instagram.com/chaimae_aourarh/ ➡️ Composition générique et effets sonores: Amine Louraoui & Naoufal lamrani IG: https://www.instagram.com/ditto.wb/ IG: https://www.instagram.com/amine_louraoui/ ➡️Designer, Infographiste : Anas FAKHIR IG: https://www.instagram.com/0000000fucksgiven/ ➡️Prof de JUDO : El mehdi ESSAFI IG: https://www.instagram.com/hardmed_ess/ ➡️D9ay9ia : Groupe Moulay Brahim El Makhzani IG: https://www.instagram.com/moulay_brahim11/ ➡️Coach : Badr GARCH ➡️Réalisation de l'épisode: WARDDSTUDIOS IG: https://www.instagram.com/warddstudios/ #GYMTERVIEW #gym #maroc #humor #interview #humour #المغرب #maroc #morocco #youtubeshorts #youtube #new #جديد","ELgrandetoto,mawazine,simosedraty,kawtarbamo,ayoubidri,maroc,mambafit,morocco,bono,elmalki,ilyaselmalki,milfaya,Real madrid,بونو,tendance,كأس العالم للأندية,إلياس المالكي,youtube,المغرب,draganov,lakamura,شيرين,Algerie,tunisie,الجزائر,ضحك تخسر,ezzoubair Hilal,زوبير هلال,فضيحة,chouftv,trend,jaylann,saadlamjarred,duniabatma,الضحك,BBC,MBC,Mrbeast,babyshark,farouklife,الخراز,معركة الحب,جديد,Rap,rapmarocain,Jamshow,yassar,rachidrafik,bassou,memes,majdouline,marocain,saberchawni,مغربي",24,Entertainment,"Humour,Lifestyle_(sociology),Physical_fitness",PT53M30S,3210,2d,hd,false,fr,ar,https://i.ytimg.com/vi/BIpWfweC4gQ/maxresdefault.jpg,1,,,,,319098,11774,,0,477
15,UCuFShSOeICKKNqEVfJ8XU-w,"Amine Belghazi",WrP22FFXM7s,2025-06-29T20:25:20Z,"2025-06-29 20:25:20","بدات ريحة الحلقة كاتعطي 🔥 وقتاش بغيتوها ؟@SimoSedraty #gym #interview #podcast #المغرب #maroc",,,22,"People & Blogs",Humour,PT40S,40,2d,hd,false,ar,ar,https://i.ytimg.com/vi/WrP22FFXM7s/maxresdefault.jpg,1,,,,,5208,167,,0,4
16,UCuFShSOeICKKNqEVfJ8XU-w,"Amine Belghazi",E3Lts2pbN7k,2025-06-26T20:17:29Z,"2025-06-26 20:17:29","GYMTERVIEW, very soon 🔥❤️",,,22,"People & Blogs","Lifestyle_(sociology),Physical_fitness",PT37S,37,2d,hd,false,fr,ar,https://i.ytimg.com/vi/E3Lts2pbN7k/maxresdefault.jpg,1,,,,,4699,135,,0,5
17,UCuFShSOeICKKNqEVfJ8XU-w,"Amine Belghazi",6o06rpnlO2Q,2025-06-26T20:12:57Z,"2025-06-26 20:12:57","YouTube , هانا جييييت 🔥",,,22,"People & Blogs","Entertainment,Humour",PT1M12S,72,2d,hd,false,ar,ar,https://i.ytimg.com/vi/6o06rpnlO2Q/maxresdefault.jpg,1,,,,,5166,153,,0,
18,UCuFShSOeICKKNqEVfJ8XU-w,"Amine Belghazi",kFS3HZP__2c,2025-06-12T19:34:34Z,"2025-06-12 19:34:34","COMING SOON 🎉🔥",,,22,"People & Blogs","Boxing,Lifestyle_(sociology),Physical_fitness",PT21S,21,2d,hd,false,fr,ar,https://i.ytimg.com/vi/kFS3HZP__2c/maxresdefault.jpg,1,,,,,5488,207,,0,11
