Contenu,Titre de la vidéo,Heure de publication de la vidéo,Durée,Pourcentage moyen de vidéo regardé (%),Durée moyenne d'une vue,Ont continué de regarder (%),Vues,Durée de visionnage (heures),Abonnés,Impressions,Taux de clics par impression (%)
Total,,,,50.05,0:06:22,85.02,315836639,33573127.3133,2221969,3416569458,6.36
MaERVzdxaZQ,حفرة كتوصّل لعالم آخر,"Aug 23, 2025",1161,41.03,0:07:56,100,1103205,145961.1178,7035,12261285,6.4
M-nx5k2w2xc,دخلت تجربة بـ 5000 دولار… و لقيت راسي محبوس فالجحيم,"Nov 21, 2025",1226,48.15,0:09:50,100,894225,146629.0354,4319,12975300,4.75
uS94ASa2FvE,الرحلة الملعونة (الجزء الثاني) : الريح طير لينا الخيمة,"Jun 2, 2022",806,59.03,0:08:03,100,1201203,161416.5389,2291,7457882,7.41
75xxBnTy544,FAWDA 01 - (ft Kawtar Bamo & Milfaya),"Aug 10, 2025",1988,35.36,0:11:43,100,1178754,230196.5937,8379,15618558,5.37
Ca-RAevS4GI,ميمكنش مضحكش #3 : صيفط لينا شي س... باش نديباناو,"Dec 11, 2020",568,55.24,0:05:13,100,945624,82423.2882,8767,8970287,7.18
t1FDtfzo0rk,باراكا من التنمر,"Feb 6, 2021",483,50.88,0:04:05,100,537061,36664.2313,2274,4751987,7.78
NdsGnmdlKoA,ها علاش مكنحملش اللغة الفرنسية🤣,"Sep 10, 2022",683,40.41,0:04:35,100,1697136,130104.0195,9736,18345301,5.77
fVmTzouMv_s,الحلقة الأخيرة : الحقيقة 💀,"Jan 30, 2026",3707,31.8,0:19:38,100,479674,157075.8316,1115,3729236,8.03
 -m-frCciswQ,CYBER F 2009 - PART 2 |  MSN يامات,"Apr 8, 2021",659,56.78,0:06:14,100,647477,67303.803,2776,6403290,6.64
jNmYcM785co,الخدمة ديالي هي نتفرج فالناس كيموتو,"Jul 16, 2025",1146,50.23,0:09:35,100,1059564,169424.7688,6816,13880278,5.2
wx_khUJG810,لَائِحة لقِيتْهَا مْكتُوبَة بخَط يدِي و ما عَاقْلش علِيهَا,"Sep 26, 2025",1308,43.3,0:09:26,100,719746,113238.2474,2091,7013097,7.09
y6U7QKzQdHU,ميمكنش مضحكش #30 : فاش كتفكر بالعزيزة الغالية ديالك 😂😂,"Mar 15, 2023",643,58.31,0:06:18,100,377082,39639.6087,666,3003351,8.66
Yy3iXsAIink,!! 😂😂 ميمكنش مضحكش #26 : فاش كضرب صبع رجليك الصغير مع الأرض,"Dec 12, 2022",618,62.83,0:06:28,100,584526,63041.2254,2651,5860246,6.92
CqyMOABDI_g,L3GEZ.exe,"Mar 2, 2020",423,56.82,0:04:00,100,757912,50596.8381,2663,6140385,8.9
QbJUgqD7G5Q,عمي ... ولكن عمره ما كان موجود,"Jun 21, 2025",645,57.96,0:06:13,100,719083,74673.1623,3077,8610532,5.99
TFW1X_kEiXs,SANDWICH D LGER3A !! WTF,"Jan 5, 2021",482,54.48,0:04:22,100,478806,34923.2578,1385,4563351,6.8
EHYYSK93aHI,أَغرب طرق العِلاَج القديمة 😂 (الجزء الثاني),"Jun 24, 2024",855,47.26,0:06:44,100,430101,48279.0145,1467,3712752,8.18
SCG50N21tc4,فاش كدخل فيسبوك أول مرة ، الله يشافي لقلووووووب,"Aug 14, 2020",385,61.57,0:03:57,100,431504,28412.0486,2059,3895920,7.4
eT6XlQX3D4c,بيمو فتمازيغت 🥸,"Dec 20, 2023",1435,42.42,0:10:08,100,793233,134129.5238,2869,9579815,5.04
AL_UU3klRwA,DAY 1 IN JAPAN 🇯🇵 : تحقق الحلم الحمدلله,"Feb 4, 2024",1166,46.05,0:08:56,100,1075473,160420.7001,6014,12825373,5.65
zt7ord1BTsM,😘تعلم كيف تحصل على حبيبة مع ملك الغَمَزَات,"May 28, 2023",471,45.88,0:03:40,100,354334,21722.1713,447,3352027,7.15
1GF1HIhbTG0,THAILAND 🇹🇭 #2 : مشينا شفنا أكبر تمثال بودا (من الذهب) في العالم,"Oct 18, 2022",619,59.91,0:06:10,100,544592,56100.9111,1347,6017254,6.22
S4YFGyUZuGU,هَاد لبلاَن كَتْعيشُو كُل نهَار,"Feb 1, 2026",896,47.2,0:07:02,100,353076,41473.9769,868,3364852,7.35
bD3JTRUXugU,STORY TIME / ...أنا مريض ب,"Mar 2, 2021",482,48.93,0:03:55,100,559766,36669.7518,1333,5241893,7.34
mhjSaWDd1N8,شْرِيت دَار كَان سَاكن فِيهَا سحّار,"Aug 14, 2025",1597,43.01,0:11:26,100,1083750,206756.741,6156,13966590,5.21
WCwKxCuWfGE,"TIKTOK , تحديات الأكل ، فقط في المغرب","Mar 7, 2021",734,45.03,0:05:30,100,1667248,153080.685,53788,19251608,6.52
5gIyLClLJuk,وَاش زْهَايمر ولا ذَكاءْ ؟,"Sep 17, 2023",932,46.12,0:07:13,100,635794,76539.215,1292,6421828,6.61
Ij8BiL2wfyc,القصة لي خربقات العالم,"Oct 31, 2023",1022,48.41,0:08:15,100,1128506,155295.0746,4668,12240835,6.24
ZcAmckEMXeU,العرس = الدجاج,"Jun 10, 2022",746,50.98,0:06:26,100,1693080,181682.9727,4209,17391104,6.65
o27C8KQ_hxg,حفرة كتوصّل لعالم آخر ( الجزء الثاني ),"Sep 3, 2025",1243,46.08,0:09:32,100,672292,106962.5108,3826,5810115,8.33
4Nvv-soqE_M,إختبار العقل,"May 18, 2022",534,57.78,0:05:17,100,739895,65328.9225,2792,7742862,6.89
nUz9gLt67bU,أغرب القوانين في العالم,"Oct 29, 2024",829,48.27,0:06:40,100,1069044,118818.5715,4029,12762155,6.01
OGLA7DDz0Uk,CHOOOOHRAAAA,"Mar 12, 2020",637,53.6,0:05:41,100,844630,80067.2838,3935,9096686,6.74
Z3L8eLmPM_A,الحلقة 2 : الرسائل رجعات… ولكن💀,"Dec 25, 2025",816,55.23,0:07:30,100,454889,56949.4152,892,3064539,9.94
XnBtbaSUWU0,الليلة اللي تبدلات فيها مراتي للأبد...,"Jun 7, 2025",1152,47.56,0:09:07,100,978609,148947.3856,5988,13629792,4.9
GKLO0CjRXmg,فاش كتمشي للبنك وكيندموك,"Sep 2, 2020",377,58.23,0:03:39,100,560856,34200.9539,1499,4865739,7.82
YdnXwTko1dI,SUNDAY GAMING #1 : A SHORT LIFE !,"Jan 26, 2020",606,51.57,0:05:12,100,448549,38939.0965,2879,4858095,6.88
HdTXCB4HnLc,تعليقاتكم : فاش كنت صغير كان كيسحابلي …😂😂,"Nov 23, 2023",980,49.86,0:08:08,100,1515976,205765.9946,10741,14333783,7.1
 -Y2Q97SKRM4,STORY TIME | ☀️🥲أول تسافيرة بوحدي,"Jun 4, 2024",1426,51.56,0:12:15,100,1255722,256462.0819,2943,12441837,5.48
7RJvtzzjXlI,NEW SETUP | روتيني اليومي 😂,"Nov 10, 2023",2120,38.3,0:13:32,100,1263810,285075.0254,10070,21099785,3.6
vycnCHRTFSE,STORY TIME | 😂😂 تسافيرة مع العائلة,"Jun 27, 2023",1139,42.92,0:08:11,100,1862150,254106.7539,8573,18750720,6.95
YV0u_1dzQEw,الحزقة المدمرة,"Aug 17, 2021",548,58.63,0:05:33,100,1280028,118549.9502,4258,15291662,5.79
AuW0tA7iT5w,FOOD.exe,"Nov 2, 2019",500,48.65,0:04:03,100,507716,34308.7647,3731,4150389,8.71
5vpdRnnWuIM,2  3AM MAJIT LMEGHRIB,"Jan 12, 2020",505,53.79,0:04:31,100,652898,49262.6538,3462,5922685,8
usN-aAHEuf0,STORY TIME | تسَافِيرة معَ العَائِلة,"Jul 13, 2025",1120,48.72,0:09:05,100,1010825,153205.9473,6505,12461409,5.13
RLS6vcHmt2U,THAILAND 🇹🇭 #4 : PHi PHI ISLANDS عمنا مع القرش في أجمل الجزر فالعالم 🦈🏝,"Oct 31, 2022",483,61.26,0:05:04,100,477452,40399.2473,743,5515170,5.88
OdUmYjUiNuw,الرياضيات لي مقراوناش,"Mar 4, 2025",1194,45.16,0:08:59,100,709272,106244.6066,1988,7916121,5.75
FRzKovUq5ao,STORY TIME | لحوايج الخايبين لي عشناهم فتايلاند,"Aug 11, 2023",1255,50.14,0:10:32,91.67,1512728,265729.7561,6839,15972110,5.99
qTxv9zGYKkY,الماكلة : المغرب VS اليابان,"Apr 8, 2023",878,43.32,0:06:20,88.89,1717194,181414.3411,12350,22978441,5.36
dnp4nxtnQwE,"Ajiw l twitch , nreactiw ela videos mjmo3in ❤️😂   ( bimo36 )","Oct 31, 2023",60,66.67,0:00:40,85.41,322612,3361.015,392,3192291,6.14
cnhAGvJJkfQ,قريت تعليقاتكم 😂,"Apr 27, 2023",646,56.58,0:06:06,83.33,1109284,113079.3458,4441,11382635,6.51
5cCZkHFwPPY,MEMES #4 : مضادات الكآبة 😞,"Dec 9, 2023",984,46.23,0:07:34,83.33,1090659,137826.7378,3575,9651377,7.52
WQ0yaYRSVQY,STORY TIME / فاش كنت صغييير,"Mar 1, 2021",577,53.14,0:05:06,83.33,1301493,110850.7881,5100,12355882,7.31
FsDscK3v0V8,STORY TIME | 😂😂 أَغرَب فَتْرة عشْتهَا فحْيَاتِي,"Nov 16, 2023",1598,46.67,0:12:25,80,1567368,324671.5365,4217,16207410,5.34
pPdj4VUoa48,أغرب الديانات عبر التاريخ,"Oct 16, 2024",1110,40.28,0:07:27,77.78,1116545,138658.5295,5967,14692391,5.44
7b1Ow4qHmEw,مُلوك الأناقة  : الجيل الذهبي 😂 😂,"Mar 26, 2024",640,55.55,0:05:55,77.78,651792,64373.3051,1470,6657156,6.78
NfTGmN8WimU,الأبراج الفلكية ( بُرج القُرَيْدِس🦞),"May 3, 2023",481,58.75,0:04:42,76.92,681960,53531.4422,1757,7378254,6.55
pGSknK9mcE0,أبشع أنواع العقوبات فالتاريخ ☠️,"Sep 4, 2023",877,51.09,0:07:30,76.92,1438610,180154.0155,12816,17325688,5.43
slnZhqxsXJY,الفقير VS الغني,"May 17, 2020",353,61.75,0:03:37,75,702477,42532.632,3965,7440280,6.97
l2d7WKJlOEw,أَغرب طرق العِلاَج القديمة 😂,"Sep 7, 2023",1106,47.44,0:08:47,75,1303273,190805.2468,7481,14191017,5.81
eYtO9qMfkHw,أنواع لعيالات فالصوگان 💁🏻‍♀️,"Aug 9, 2022",757,47.14,0:06:03,75,1233601,124693.16,2991,17090653,5.35
F4doTFbVLaU,جاوبت على الأسئلة ديالكم ، أشنو كندير فحياتي ؟,"Oct 5, 2020",486,55.15,0:04:28,75,680284,50649.4846,8074,5868060,7.86
mCSzwfHHZYg,MEMES #3 : 🔥تضحك🤣 = تفطر رمضان,"Mar 12, 2024",678,51.85,0:05:51,73.33,932534,91062.1596,2128,8070915,7.9
cNyGStM4T1w,😂✔تم تعذيب اللغة الفرنسية بنجاح,"Jan 12, 2023",716,48.35,0:05:49,72.73,1389462,134941.4389,6543,16010849,6.09
Zh_Z0s7QA4E,أَغرب 10 وَظائِف في العالم 🤑🤣,"Aug 3, 2023",1056,48.41,0:08:32,71.43,1521285,216480.3714,6511,16788565,5.84
LZiDl9GXSic,ذِكْرَيَاتْ الطّفُولَة❌ ، كَوارِث الطّفُولَة✅,"Feb 16, 2025",999,48.34,0:08:02,71.43,671466,90069.6608,1898,7454106,6.08
Y42x1RAcCRw,STORY TIME | نهار العائلة ديالي يسحابليهم غرقت فالبحر,"Jan 5, 2023",640,57.84,0:06:12,71.43,1219170,126247.99,3329,13805756,5.75
yNjg9ztsvI0,STORY TIME | 😂😂 عضني حنش,"Jan 9, 2024",1085,48.91,0:08:50,71.43,1429207,210666.8664,7655,18319941,5.41
cItfpMJuItg,كفاش تكون راجل ؟,"Sep 28, 2022",589,54.85,0:05:30,71.43,978470,89908.2706,2733,9983204,6.72
1r5QATpqUnQ,أَغْرب الِإختراعَات فِي اليَابَان 🎌😂,"Oct 12, 2023",1039,46.89,0:08:09,71.43,1160927,157867.9791,4931,11387212,6.86
MHOjO1_rQT8,The forbidden experiment | التّجربة المُحرمَة,"Jul 27, 2023",769,52.35,0:06:42,71.43,959488,107286.6907,4412,11102648,5.96
WTdh2CLu1ss,! ها شنو غيوقع إذا خطفوني,"May 3, 2021",361,58.18,0:03:30,70.59,796197,46450.6588,1762,7776209,7.25
Ibw1Xu2d0UA,5 مواقف حرجة عشتهم 🤦‍♂️,"Feb 20, 2023",806,51.79,0:06:59,70,1837924,214324.741,7305,20453809,6.16
5EUQEjmYJlA,ممنوع تهضر على الجزيرة الثانية... وإلا ☠,"Apr 27, 2025",1486,45.5,0:11:16,68.75,1555528,292177.2093,11757,18765026,5.16
hvBNhQJzk0g,قصتي مع DENTISTE,"Sep 9, 2024",523,56.64,0:04:56,68.75,550455,45294.8115,1228,5491339,7.16
bhajer45qgY,JOTIA TIME ( VLOG ) | ضربنا البياس المزيان من الجوطية,"Mar 25, 2022",715,54.38,0:06:28,66.67,1045697,112940.7123,3307,12093008,6
yt1828_DZdU,STORY TIME | تسَافِيرَة معَ العائِلة السّعِيدَة 🤣🤣🤣,"Jul 4, 2024",1462,47.23,0:11:30,66.67,1480332,283946.4326,5248,15822371,5.23
_3RC_BlZVXU,أول مرة غتسمع هاد المعلومة,"Nov 22, 2024",1015,42.93,0:07:15,66.67,628550,76069.8993,1678,5928789,7.42
tLvqBvwvWcs,STORY TIME | المشكل ديالي مع طواليط,"Jul 17, 2023",749,49.48,0:06:12,66.67,1049692,108488.0121,4063,10263460,6.91
LrjlM1KYqCQ,MUSCULATION ?,"Mar 19, 2020",663,56.11,0:06:11,66.67,723259,74734.798,3654,8604826,6.15
YGWL-Jsia6A,إمتى غدير دراري ؟ إمتى غنشوفوك بولادك ؟ إمتى .....,"Aug 16, 2023",873,46.82,0:06:52,66.67,771300,88402.3389,1835,7230506,7.48
AXvkvYERvFE,رَسمنَا بعضِياتنَا ، جَات كَتشْبه لِلرَّسمَة 🤣🤣,"Jul 23, 2024",987,45.25,0:07:26,66.67,755901,93766.7831,2814,9095430,5.94
NoeXJYoC93Q,شكون أنا ؟,"Mar 5, 2023",659,50.15,0:05:31,66.67,924814,85281.1735,2028,8973858,7.28
P134XFkD2bw,NATIONAL BIMO GRAPHIC | 20 معلومة مكتقبلهاش العقل,"May 12, 2023",655,55.81,0:06:15,66.67,882074,92097.5997,1850,10065523,6.05
JYqTp9QSVMo,قرينا انا و ختي التعليقات ديالكوم,"May 25, 2020",602,46.15,0:04:37,66.67,2393405,184725.0379,19063,28199772,6.38
6DtVVltRAck,بغيت بلاصتي بليز,"Aug 21, 2020",493,52.56,0:04:19,66.67,1012459,72867.9102,3050,8719481,8.12
H38gGDnW7Z0,الظَاهِرة لِي كَنشُوفُهَا بزَاف ف SOCIAL MEDIA,"Aug 8, 2024",953,41.33,0:06:33,66.67,600363,65678.8944,1715,6042789,6.85
UYh15hRZrPk,البنات كيقدرو يـ...,"Oct 25, 2022",509,55.39,0:04:47,66.67,1340398,106908.5207,5480,13718648,6.9
wAKFBuTq36o,إختراعات لن تغير حياتك 😂😂,"Jan 18, 2023",749,52.56,0:06:37,66.67,1302207,143958.9453,3718,13469239,6.69
uAfQgPfofLs,MOTIVATION ( ديَال لْعْبَار ) أول خطوة للنجاح 🤦‍♂️,"Sep 26, 2023",995,43.91,0:07:20,66.67,587360,71869.8436,983,5800473,6.77
plkDxJD1_1I,أَغرَب الأحْدَاث : مُسَابقةْ الحَزْقَة المُوسِيقِيَة 😂😂,"Nov 28, 2023",1122,48.37,0:09:02,66.67,1201639,181134.6772,5085,12049623,6.5
DbIqsUJF5pU,كيفاش تبان مأذب قدام الناس ؟,"Aug 5, 2021",493,51.27,0:04:25,66.67,712528,52554.9328,1409,6582877,7.55
D4UqwhPBl9c,جائزة أفضل سائق تذهب إلى...💁🏻‍♀️,"Oct 15, 2023",562,53.87,0:05:09,66.67,401731,34538.9876,723,4350448,6.4
dCyR8hnjse4,أسماء مَغرِبِية عمْرك سمعتِهم من قبل,"Apr 13, 2023",817,50.08,0:06:49,66.67,1037148,117881.6367,2267,11237138,6.11
KWUTEJIi7ak,STORY TIME,"May 30, 2020",604,50.7,0:05:06,66.67,1206331,102608.728,5949,12880415,6.74
fGEKiiJFUt4,فِيديُوهَات المُحِيط 😂😂 : 4# MEMES,"May 30, 2024",715,53.96,0:06:25,63.64,639014,68479.4652,1329,6127619,7.03
TFflMCsaixw,! رحلتي من ، طيحة عادية إلى خاصني ندير عملية,"Aug 24, 2021",615,55.82,0:05:43,62.5,940451,89688.3145,3788,11432937,5.83
xle_WfC_VOM,شريِتْ PC GAMER ، هَا بشْحَال تقَام عليَا.,"Aug 13, 2024",696,43.73,0:05:04,60,563514,47644.6285,5095,8266984,5.07
8LykqwaNBnc,5 قصص واقعية : كنفيق من النعاس كنلقا ... ؟,"Nov 22, 2022",678,49.17,0:05:36,60,1418558,132436.8171,9595,14932957,6.49
pz2zGR-Brfs,STORY TIME | (Sleep walking) كنتمشا و أنا ناعس,"Oct 5, 2021",481,59.26,0:04:45,59.57,1224992,96996.2964,4591,12164240,6.63
HsR9jsLAOHM,أَغربْ الطّرُق لِي ماتُو بِها النَّاس : جلست عليه💀,"Aug 21, 2024",933,45.63,0:07:05,57.14,1108941,131143.218,6558,13570947,5.76
lMd5TZ060nU,BELMEZ FACES | وجوه أشباح حقيقية ؟,"Dec 15, 2020",674,49.24,0:05:31,57.14,772842,71240.8481,2971,9788991,5.26
Q0vANrzet60,ندمت حيت مقريتش,"Feb 27, 2022",519,57.95,0:05:12,56.52,1015931,88083.5388,2802,9896022,6.97
VcwO2d54_mI,"قصة الطفل الصغير المفقود , Ryker webb 😨","Dec 28, 2023",608,57.05,0:05:46,56.25,878033,84604.0811,5039,9996535,6.19
jzu2DbzLNDc,STORY TIME | يامات 0/20 فالإعدادي,"Dec 25, 2021",768,54.02,0:06:54,56.1,2279693,262696.993,14948,31202370,5.02
T6IFNex4VYc,STORY TIME | المشكل ديالي مع الفرنسية (الجزء الثاني),"Oct 11, 2024",1020,46.98,0:07:59,55.56,671566,89396.8054,1338,6967242,6.45
v2pzesaKsQ4,STORY TIME | أَول مرّة نتكْرِيسا فحيَاتِي,"Aug 31, 2024",981,50.68,0:08:17,55.56,1088870,150383.2515,4394,11406613,6.13
HaSPIdPqKvI,النّيَة : تشِيزْ كِيكْ ، النّتيجَة : خْر...🤣🤣,"Mar 19, 2025",1082,43.53,0:07:50,54.55,672894,88029.9268,2529,10197887,4.62
6xvEWVDYZqI,أغرب أسماء الأكلات الجزائرية 😂,"Feb 14, 2023",440,56.04,0:04:09,54.55,879112,61043.1661,3176,9167310,6.92
Ty96VL79HgE,ولاد ختي بغاو يحيدولي عيني,"Aug 26, 2022",467,53.06,0:04:12,53.57,1309303,91853.7831,3884,12771753,7.07
HT3FOFr8M0s,المرأة : إنزعو مَلابسكم ومارِسو الفاحشة ، قِصّة أَغرب قاتِلة متسلسلة (MAGDALENA SOLIS),"Oct 1, 2023",769,56.39,0:07:16,53.33,751725,91241.458,1701,7504123,6.33
Ri5_lDZKbQI,بو صفير,"Jan 9, 2023",511,55.1,0:04:44,53.33,830911,65769.8518,1316,8039314,7.25
LTvyx2YzTxU,أغرب الأحلام لي كاملين كنحلموهم 🤣💤,"Apr 9, 2024",601,50.36,0:05:02,53.33,969223,81481.3253,3176,10236735,6.64
bFn9tC8THf8,أَمْجنن حَيوانْ,"Sep 27, 2024",836,49.09,0:06:50,53.33,706793,80573.3556,1984,7746011,6.53
kLq-trgV59k,SQUID GAME ( PERFECT SPOILER ) | لعبة الحبار,"Oct 9, 2021",616,47.25,0:04:51,52.08,758274,61304.375,2668,7229807,7.25
FxmSmCFq7y8,البحر فالمغرب,"May 10, 2022",500,58.46,0:05:03,51.52,938892,79194.3441,2666,7396402,8.64
olRK95t554M,لحوايج لي كديرهم المرأة ، و الراجل مكيقدرش !,"May 7, 2022",459,58.51,0:04:37,51.11,1143169,88222.6185,4128,10479314,7.46
2v-rUS2k0cY,CYBER F 2009 - PART 1,"Mar 9, 2021",481,57.42,0:04:36,50,799660,61344.9805,2512,8276577,6.8
eWxTEPD9w7M,DELA7A.exe,"Aug 26, 2020",580,52.2,0:05:02,50,1069490,89944.8307,3098,8399693,9.38
q9IbK89OIHA,البرد,"Jan 15, 2025",984,46.51,0:07:37,50,670681,85253.3911,2177,7222857,6.41
CqGuFHh0bv0,عزيزي دافيد (الحلقة 3) : هادشي كامل مكانش حلم ؟,"Apr 1, 2023",595,64.75,0:06:27,50,436269,46945.8155,631,3631263,7.84
WNSGc-I7YFM,المعانات ديالي مع SECURITE,"Oct 9, 2023",697,54.13,0:06:20,50,663911,70205.372,1149,6261460,7.38
3udOM4HzXNk,GRAND TAXI / طاكسي كبير,"Feb 12, 2020",505,57.87,0:04:52,50,834469,67737.599,4498,8374728,7.35
FyL7ZyXKgB4,OMEGLE #2 عايشين غاية ، واخا كيقمعونا الساطات,"Nov 6, 2020",573,55.19,0:05:16,50,794561,69800.4177,6289,8310519,6.91
rvSZHeYTwVg,مكنحملش ...😡😡😡,"Jul 6, 2023",639,53.7,0:05:44,50,782402,74915.4737,1886,7145510,7.53
2PkWSsFAE3c,STORY TIME / عندي مشكل مع لمشاش,"Nov 21, 2020",517,55.85,0:04:48,50,798703,64056.6717,1825,6673477,8.18
iVx6ETWe6kM,قصص واقعية : خلل في المصفوفة ، حنا عايشين فعالم إفتراضي؟,"Jul 12, 2021",505,53.57,0:04:30,50,613019,46064.9336,1825,6908005,6.16
ropImfJYAm8,STORY TIME | أغرب طريقة تقدر تفارق بها مع شي بنت,"Jan 26, 2023",671,56.49,0:06:23,50,901536,96114.6168,1984,9756182,6.34
wburgJal5sk,Morocco vs المغرب IRL 😭💰(على أرض الواقع),"Jun 5, 2025",1975,34.77,0:11:26,50,1413721,269687.9011,8514,18815354,5.16
RYmcfnGSDsI,THAILAND 🇹🇭 #1 : أول مرة غنركب فالطيارة ( 17 لساعة فالسماء ),"Oct 6, 2022",816,51.6,0:07:01,50,861377,100743.9423,3238,10923791,5.73
FHfQX4CzY2g,MEMES #3 : الفيديوهات لي مخصناش نضحكو عليهم 🤣,"Sep 30, 2023",561,58.06,0:05:28,50,1137418,103804.1553,4583,10297570,7.38
HCRZ-VpDCAg,#TheSunVanished الحلقة 1 : قصة الشمس المختفية ، أشنو غيوقع لعمر ؟,"Nov 5, 2022",619,50.6,0:05:18,50,1045802,92661.0006,4884,9164916,8.03
xe0_5ohoOV0,كدير هادشي = نتا عبقري,"Jul 24, 2022",686,45.73,0:05:21,50,597415,53357.4155,1332,5900757,7.08
nXRaQLcvo5Q,كملنا عام ديال زواج + نصائح غير مفيدة على الزواج,"Feb 6, 2023",602,51.68,0:05:11,50,724145,62582.2148,1983,7789037,6.75
zHxbm7MZXVE,تناسخ الأرواح : قصة البنت لي رجعات من الموت ولكن …,"Mar 8, 2024",838,55.46,0:07:44,50,835728,107885.5566,3735,10276599,5.66
dXYiHF8tokE,MY DAD | الأب ديالي,"Aug 22, 2021",560,59.82,0:05:34,50,1232016,114641.5413,3152,12049685,6.82
eyQbYiGcf0o,مكتشجعوش الشباب يتزوج,"Mar 21, 2021",754,50.41,0:06:20,50,857243,90514.5457,3151,9600396,6.11
m3Eo2SXl9ok,مميزات الجسم البشري : كيكبرلهم لقرون ؟,"Jul 5, 2023",676,52.8,0:05:58,50,763637,76011.1769,3016,9324277,6.2
nl_jRVjkmjM,TOP 10 : أغرب الطرق لي ماتو بها الناس,"Sep 19, 2022",766,51.92,0:06:41,50,1812502,202240.483,13423,24967558,5.01
zhSD07XXEPQ,STORY TIME |كنحط تصاوري باش يجي عندي تيتيز ، كيجيو عندي ال…. 🥲,"Aug 26, 2022",466,63.7,0:05:04,50,525169,44419.9919,703,5472531,6.67
PHoX-F_tSm0,قصة اعتناقي للإسلام,"May 9, 2020",481,59.94,0:04:48,50,716422,57341.7142,2895,7337690,6.75
hRfJFKaLmWg,FACEBOOK MARKET PLACE و المُعَانَات,"Mar 10, 2025",882,42.56,0:06:15,50,728023,75914.6849,1899,10711568,4.82
vqzf1uNBM90,STORY TIME / قصتي مع الجن,"Jun 25, 2020",420,54.32,0:03:48,50,802723,50868.2484,3593,7074084,8.12
EoasLGwQA-0,الطريقة الصحيحة كفاش كتلبس لكمامة,"Jun 27, 2020",450,55.8,0:04:11,50,603851,42118.3347,4064,5619485,7.55
SrfNOcdMWgU,#TheSunVanished   الحلقة 3 : الحقيقة,"Nov 29, 2022",713,49.69,0:05:56,50,819924,81308.4647,2972,5521604,10.29
N0a40uZArkU,إعلان هام : ختي غتسقط فلباك 🚨🚨🚨🚨,"Jun 19, 2023",852,41.79,0:05:56,50,2199269,217528.3251,12907,27862410,5.99
EsedIh3RvA4,أغرب الصدف لي تقدر تشوف فحياتك 💀,"Apr 3, 2024",488,62.25,0:05:03,48,662693,55923.2109,1557,7747748,6.04
GTwpHIZVGUY,الثّروة ديَالها $ 5.000.000 و كَتعِيش حَياة الفُقراء,"Jul 8, 2024",766,53.64,0:06:50,47.62,886840,101216.742,2754,11279143,5.42
SZqnYmb_Le0,أغرب و أظلم قصتين فالتاريخ : التوأم الصامت و عصابة الريبر,"Mar 31, 2025",582,57.84,0:05:36,47.62,658581,61582.8857,2829,7262418,6.26
Rw43q2IDFrc,تعليقاتكم : تعرات عليا بنت خالتي و مديتهاش فيها ، هو 🫃🏻,"Sep 13, 2024",799,46.14,0:06:08,47.06,786975,80597.9052,2718,7792897,7.2
QqUvwdIisrI,تعليقاتكم : تفسير الأحلام مع المتابعين 😂😂,"Apr 16, 2024",515,58.55,0:05:01,47.06,948153,79415.9361,4155,10900200,6.08
uyNDXYf0tQI,هدي ماشي قصة رعب… هدي لعنة الزمن,"May 15, 2025",1042,47.33,0:08:13,46.97,1293106,177128.021,8727,16050558,5.44
2r6HuOyhzC0,LEVEL DEVIL | تلعبها ونتا صائم ، تفطر 😂,"Mar 19, 2024",750,48.76,0:06:05,46.15,933786,94859.3634,3581,12749901,5.09
rT7MabSqDCE,RANDOM VIDEOS | فيديوهات عشوائية,"Oct 9, 2023",630,54.68,0:05:47,46.15,896945,86505.98,1605,8829332,6.86
HRv7VclzOcU,STORY TIME | (Addictive behavior) المُعَانَات ديَالِي معَ السّلُوكْ الِإدْمانِي,"Aug 1, 2024",723,51.56,0:06:12,45.45,634482,65694.4398,1651,6536854,6.68
1RE_fiB_shk,الفلسفة ؟,"Dec 12, 2021",481,51.97,0:04:09,45,1439146,99925.5317,10111,16721659,6.07
Ex1fJbauKgc,أغرب أنواع الفوبيا الموثقة 🤣,"Aug 18, 2023",950,49.58,0:07:54,42.86,1132302,149089.9208,3262,11617193,6.41
KiekeRaCiww,كون كنت البطل ديال شي فلم رعب ؟,"Dec 7, 2024",1344,37.85,0:08:28,42.86,808145,114205.645,2779,8365063,6.61
CjGDO5QoIvw,جاوبناكم أنا و مراتي,"Mar 11, 2022",492,57.27,0:04:41,42.86,1820225,142464.5878,14112,17876766,7.38
M6pk-F1mUT8,شرِينَا أَغربْ المُنتجَات اليَابانِية 🤣🤣,"Feb 19, 2024",515,60.06,0:05:09,42.86,728671,62602.9528,2391,7681584,6.76
7hOJThrWlj0,الفرقة لي كتلعب معاها كوورة ⚽️,"Jun 15, 2024",885,40.16,0:05:55,42.86,551193,54411.5918,1335,5331256,7.13
1KAZr3B4M84,تعليقاتكم : أغرب سبب علاش تفارقتو ؟ 😂😂,"Dec 15, 2023",975,45.74,0:07:25,42.86,1684336,208656.0648,16628,23404352,5.05
9ssvkxe45I4,L'internat / الحي الجامعي في المغرب,"Jan 22, 2020",661,49.81,0:05:29,42.42,1885796,172463.6341,19099,23752033,5.6
CuI9OLIp8Xk,حمام تركي VS حمام بلدي,"Jan 18, 2025",959,49.04,0:07:50,42.01,792876,103586.0919,2407,9097381,6.21
0mMxndwW1lk,STORY TIME | الغلط كيوقع,"Aug 30, 2021",482,61.59,0:04:56,41.38,1172236,96663.012,4523,12375583,6.33
Yk8JLO-9ZaA,"""3:03 ديال الصباح… وممنوع تشوف… وإلا ☠","May 8, 2025",607,58.32,0:05:54,40.63,857571,84332.451,5719,10809553,5.49
T7JpuPEYGvw,عزيزي دافيد (الحلقة 1) : شكون هو دافيد ؟,"Mar 29, 2023",512,53.79,0:04:37,40,650871,50153.1284,1427,5616637,8.09
cmjj_OlV7hY,الرحلة الملعونة : دوزنا احسن نهار فالجحيم 🥲,"May 4, 2024",1274,44.42,0:09:25,40,1080184,169817.7956,3898,10064244,7.54
YciXkb7NO4s,أَنوَاع الناسْ لي كِيتسلْفو من عندكْ 💰,"Aug 18, 2024",1232,42.2,0:08:39,40,927707,133986.7724,2116,8572957,7.01
SawrQlZgWcE,مُشكِلتي معَ السّكنْ الإقتِصادي و الجِّيرَان🥲🥲,"May 17, 2024",839,51.93,0:07:15,40,1199054,145130.3491,4806,13120862,6.47
FhaVil6QhB4,أنواع المتابعين 😂😂,"Nov 24, 2022",847,48.72,0:06:54,40,940041,108138.984,3278,10832085,6.05
zwX-6Uu-3Jc,الفيديوهات لي كايصيفطلك صاحبك 🤣🤣,"Apr 23, 2024",610,54.83,0:05:34,40,559819,52004.449,989,5213446,7.37
vgvtRJmE81Q,STORY TIME | دخلت نتريني ل BOX,"Mar 9, 2023",535,57.93,0:05:11,38.1,935200,80926.3025,2120,9934752,6.55
56mAGTP0Iuk,ها علاش نتا ديما فوضوي 🤣,"Sep 24, 2024",932,43.17,0:06:42,37.5,526918,58887.8911,1267,5911070,6.15
TSXLEEuMZ5U,طفِي عقْلك ، عَاد تفرّجْ,"Jan 22, 2025",828,44.47,0:06:08,37.37,412998,42243.031,657,4102261,6.93
xiiUrewKHIM,أغرب إدمان ( لبْليَاتْ ) في العالم 🤦‍♂️ الجزء الثاني,"Jul 11, 2024",967,46.46,0:07:29,37.04,1092967,136398.2315,7757,13012577,5.86
sHNdv2d3n-I,الطّلِيعة على كُولشِي,"Jan 4, 2025",574,49.37,0:04:43,36.87,1095909,86258.7496,4659,12921991,6.22
DTJfWcTm5gU,كليت قتله ديال لعصا بسباب حبة د بطاطة,"Apr 11, 2021",576,54.39,0:05:13,36.84,1630152,141855.9032,7702,18198986,6.26
CZW1MAvQpm8,PREMIER BAC,"Nov 26, 2020",835,49.19,0:06:50,36.67,1475268,168306.3884,5978,16845092,5.95
KvAyPcqzed0,كيدوشو بنفس الماء ، و كياكلو ... 😨,"Sep 20, 2023",841,50.59,0:07:08,36.36,1115885,132707.4198,4960,12098663,6.17
ji9Vn-GGlqk,لفيديوهات لملاح,"Jan 29, 2025",662,48.97,0:05:24,36.26,478070,43049.066,1151,4674051,7.3
9kkfm9f0XH4,بغا يجرب إحساس الق*ل,"Apr 3, 2025",431,60.56,0:04:20,35.71,534851,38775.2133,1483,5907059,6.62
9yco_XSQfCY,MEMES #2 : 🔥تضحك🤣 = جهنم,"Sep 22, 2023",752,37.53,0:04:43,35.56,2680854,210997.3758,20483,27632250,7.02
jqwgkoU1PhY,المغرب Vs Morocco,"Jan 1, 2025",1100,45.48,0:08:20,35.05,1198696,166567.3878,6642,17787063,4.98
k862rYOsAK4,إعترافات ليلية : حاولت ن... بالمرقة !,"Nov 20, 2021",482,55.78,0:04:28,34.88,1504059,112335.0645,21759,19263685,5.55
q2CRJfomz30,STORY TIME | 🙂🙂🙂 المعاناة مع الطاكسيات تدوم و تدوم و تدووووم,"May 4, 2022",781,55.39,0:07:21,33.33,1481120,181609.082,3548,15760001,5.72
VEjkz7mB_YA,ZIT و ATAY,"Jun 15, 2020",601,51.89,0:05:11,33.33,980173,84903.2737,5158,9095877,7.56
GiGAHvRYwH4,رحلتي من مهندس إلى يد عاملة,"Jan 19, 2022",1225,48.1,0:09:49,33.33,1830982,299691.7932,11942,36357618,2.97
EVIpum-Rmns,STORY TIME | أكفس سطاج دوزت فحياتي,"Apr 1, 2022",1144,49.78,0:09:46,33.33,1809381,294814.9042,5954,20500086,5.14
kNf2xdf0x-I,شي حوايج كيوقعو ونتا كتصلي فالمسجد,"Apr 22, 2021",496,54.03,0:04:28,33.33,1137625,84689.5331,3500,11280702,7.16
g8h9elGzJ_c,STORY TIME | مشيت للبحر مع العائلة,"Nov 12, 2021",822,53.03,0:07:15,33.33,1558661,188725.9457,8994,18329623,5.76
kBYBkNEetC8,المرأة : أنا حججت سبع مرات ولم أرى الكعبه حتى الان( قصة واقعية ),"Aug 16, 2023",641,50.02,0:05:20,33.33,983501,87595.8542,9121,13228743,5.31
9mu6ZgqO5So,PART 2 : 5 مواقف حرجة عشتهم 🤦‍♂️,"May 19, 2023",716,52.47,0:06:18,33.33,1605040,168632.5171,10005,17544312,6.38
IF89dvsCzE8,زيادة الهبة و القوة للرجال فقط,"Dec 28, 2022",576,55.32,0:05:21,33.33,711605,63571.457,1226,7987067,6.33
HWbPUdmTqU0,كِفَاشْ تصَاوْبو الرّايَات ديَالْ الدُّوَلْ🥲🤣,"Feb 11, 2025",889,51.77,0:07:40,33.33,512952,65573.5246,1221,5791478,5.97
c2kjSq68OZk,رمضان و الحجر الصحي ؟,"May 12, 2020",437,60.02,0:04:22,33.33,441122,32113.2478,1483,4772575,6.54
jqfq1k7Nwlc,بسبب حوادث خطيرة ، ولات عندهم قوة خارقة 😨,"Jul 20, 2023",1190,49.82,0:09:53,33.33,1248092,205844.1015,2861,12506070,5.77
Iil8JEfNros,الفقير VS الغني  |  PART 2,"Apr 20, 2024",1097,48.79,0:08:55,33.33,1156184,171895.1275,2610,10412169,6.84
uvu1wEl3E0o,أغرب تقاليد الزواج في العالم 🤣,"Dec 20, 2024",805,48.09,0:06:27,33.33,700777,75351.5457,2515,8824202,5.61
z6FJQtJUa6M,قصة حقيقية : جريمة قتل سببها الفضول (DARK WEB),"Oct 6, 2024",868,52.99,0:07:39,31.25,797499,101893.1552,2453,8130687,6.6
WAI7Ri_xLyQ,STORY TIME | شفت الجنون,"Sep 27, 2021",571,60.81,0:05:47,31.03,1138448,109797.6685,5144,12449443,6.27
v0vK5bih9e0,ثالتة ديال الجرائم مرعبة فاليابان مزال مالقاولها الحل💀,"Nov 13, 2024",1091,47.93,0:08:42,30.77,1064869,154678.5784,5704,13338751,5.61
yQ3tkHVzCn4,تزوجت,"Feb 8, 2022",529,51.67,0:04:44,28.57,1459417,115352.9408,13037,13643245,7.79
Emejao-KRbA,أغرب إدمان ( لبْليَاتْ ) في العالم 🤦‍♂️,"Sep 15, 2023",755,48.61,0:06:06,28.57,1442456,147039.4544,21928,18438279,5.55
Yf47SjUTr_0,الجنازة,"Mar 19, 2022",555,56.04,0:05:11,28.57,843592,72884.3773,1526,7189975,7.84
wf1bv_RkgnU,STORY TIME / قصتي مع ضرسة,"Aug 1, 2020",453,52.01,0:03:55,25,818929,53593.5052,3592,6614445,8.65
9pKWOpGdhZA,STORY TIME | تلاقيت معا المتابعين,"Jul 18, 2021",637,54.88,0:05:49,25,855610,83082.7821,2579,8946709,6.04
ZpqFJWsdf8g,l'hopital / طبيب فالمغرب,"Mar 8, 2020",389,60.06,0:03:53,22.22,832939,54051.7579,5480,7879046,7.69
5i85LUIuFhY,STORY TIME |  مكنحملش التركية,"Oct 20, 2021",598,58.03,0:05:47,22.22,969967,93506.4124,3110,9688873,6.54
IcfF0gx7hTw,أمجنن التعليقات😂,"Apr 18, 2025",536,56.91,0:05:05,19.15,748707,63432.659,2141,8534860,6.4
QuOiC9RiPZg,STORY TIME | 🙂🙂🙂 Tinder أكبر شمس العشية عشتها ، بسباب,"Apr 5, 2022",725,57.14,0:07:07,16.67,1244925,147937.2729,4912,13987520,5.73
IbyQsDIh2_c,3 قصص حقيقية أغرب من الخيال… وكلها نهايتها مأساوية 💔,"Apr 20, 2025",854,55.56,0:07:54,16.67,687789,90641.3192,2734,8081641,6.19
audxWEQrfqw,! قصتي فلحمام ، مشيت مع لواليدا فاش كانت عندي 10 سنين,"Jan 9, 2020",382,56.4,0:03:35,16.67,1027967,61522.1118,5257,9495298,8.01
N9zO8k8JmXs,دوزت أكفس قصة حب فاش كنت صغير,"Aug 8, 2021",500,55.74,0:04:38,15.38,1347139,104296.3209,7883,14865172,5.99
aqQFyPOS-pU,L CAR.exe,"Nov 6, 2019",352,59.21,0:03:28,14.29,461251,26705.4023,3576,4297721,7.96
HHQ424esatY,OMEGLE : كنعلم الكاوريات الدارجة ، شاخدة تيتيز,"Apr 14, 2021",659,51.26,0:05:37,0,831982,78072.3294,4416,8941814,6.74
wJ2N8d1CDMc,OMEGLE : كيفاش طيح تيتيز غي بالضحك,"Jul 21, 2021",592,49.35,0:04:52,0,569044,46178.2724,1984,5006422,8.02
NBYfIGLk1l0,أشنو هي أول حاجة كيشوفها الراجل فالبنت ؟,"Jun 5, 2020",423,61.18,0:04:18,0,507250,36463.3369,2742,4872153,7.73
OSJirXqmdpg,! ضروري تكون جداتك دايرا بحال هاكا,"Jan 6, 2020",526,54.3,0:04:45,0,694773,55117.5661,2443,6381685,7.46
XEWuw_8nKaY,الحجر الصحي,"Apr 21, 2020",397,62.26,0:04:07,0,491364,33736.3904,2862,4891352,7.25
5BKRekm_ElA,THAILAND 🇹🇭 #3 ( VLOG ) : PHUKET بلاصة على قد الحال ف,"Oct 21, 2022",864,46.62,0:06:48,0,883618,100153.5585,2375,9028141,6.86
DMxEY0XCdOA,تجربة جديدة فدوار تادوت,"May 31, 2023",920,46.6,0:07:08,0,493866,58808.1488,1146,5978396,5.66
AytjbqvhoLM,🧑🏼‍🍳 صاوبت طبق هندي مشهور 🇮🇳 ، وبدون مساعدة زوجتي,"Jul 16, 2024",999,48.67,0:08:06,0,783614,105833.3862,3117,10353261,5.2
0lNshCd0X8I,أصعب لغة فالعالم 🇲🇦😂,"Jul 6, 2022",712,50.95,0:06:10,0,1615949,166337.359,8499,16857235,6.3
LMEZ276Uid8,STORY TIME | السبب علاش عندي فوبيا من الطيارة 💀,"Feb 26, 2024",1332,50.76,0:11:16,0,1332590,250263.1486,3748,15085688,4.97
C6XcmH8vMqc,أخطر التجارب السرية لي داروها على البشر,"Apr 8, 2025",989,47.41,0:07:48,0,918891,119671.9291,5201,12602713,5.32
9d0o3piCosA,أش هادشي كنقراو فالباك ؟,"Mar 14, 2021",620,48.63,0:05:01,0,925146,77485.3737,3752,10017086,6.44
xI6xWRtdqRA,!! لحلاق عندنا فالمغرب ، تكرفص عليا,"Jan 30, 2020",625,54.7,0:05:41,0,651223,61839.9361,3084,6191297,7.59
2lzcl_KVwts,20 FACTS :  🇯🇵 فقط في اليابان ( PART 1 ),"Oct 22, 2023",596,56.84,0:05:38,0,602660,56710.2397,2085,6572410,6.42
E3iby9IEjiU,Watch People Die Inside | يوميات البيست فريند,"Dec 4, 2021",481,62.35,0:04:59,0,486500,40525.5451,1091,4884553,6.71
8aMqBPp_Jmw,لعيالات و لفراش ديال الدار قصة عشق لا تنتهي,"Jun 8, 2023",752,53.62,0:06:45,0,1008728,113528.6913,2912,11076571,6.22
uUJddwHNXww,تعلم اللغة الفرنسية في 17 دقيقة فقط مع بيمو و صديقه,"Jul 19, 2022",1052,30.37,0:05:25,0,476100,43095.616,1069,4657035,7.2
M1qLh42Dd60,! أغرب عرض أزياء تقدر تشوفو فحياتك,"Aug 4, 2020",653,50.52,0:05:29,0,628618,57609.2894,3843,5715026,7.73
mitNBh_nWYo,ميمكنش مضحكش #4 : مدربة الرياضة ... في النموسية ؟,"Dec 27, 2020",786,50.19,0:06:34,,1523202,166896.7057,17335,17553665,5.62
YYelBKooebY,مراتي ماتت فـ 2012… وأنا تزوجت بيها فـ 2013!,,498,21.72,0:01:48,,13,0.3906,0,2,50
O1JMBFHBMoM,المِصْرِيين عَالم آخر، أَغرَب تَعلِيقَاتْ قرِيت فحيِاتِي,"Mar 18, 2026",661,53.3,0:05:52,,452803,44314.2512,1209,4996789,6.65
udCpPAONrXw,تفارق مع حبيبتو بسباب سبرديلا,"Mar 29, 2020",623,50.44,0:05:14,,833529,72755.3504,16063,9604283,6.63
h6H3-owVnM0,MOROCCAN TYLER 1 / LEAGUE OF BIMO,"Sep 28, 2019",425,14.41,0:01:01,,209908,3571.6995,535,963939,17.04
GiyLYfxtxYQ,TIKTOK | الأمزيغ خلقهم الله قبل من سيدنا آدم,"Feb 13, 2022",654,59.48,0:06:29,,732243,79125.6459,2223,8207953,6.01
oJb9dRrzqrQ,شنو نقدر ندير ب 10 فالباك ؟,"Aug 25, 2023",873,32.19,0:04:41,,218256,17037.3541,532,3566297,4.11
tKVl4p78p78,😂😂😂 أحسن مكين فالفيديوات,"Dec 10, 2021",661,57.73,0:06:32,,758025,82732.8936,2493,7458985,6.84
8TaArddWPqc,#TheSunVanished   الحلقة 2 : شي واحد دخل عليا للدار,"Nov 9, 2022",598,53.27,0:05:26,,830869,75265.8354,2618,5884641,9.89
PuQNzhwRnjU,!! 😂😂 ميمكنش مضحكش #28 : إملأ الفراغ بما يناسب,"Jan 30, 2023",552,60.76,0:05:43,,407069,38886.5121,588,3108482,8.77
cP5cpnCPSnk,تعلم الحروف الأبجدية مع بيمو,"Feb 8, 2021",197,57.08,0:01:52,,303241,9471.2885,937,3038696,6.85
et_7eHAArMo,! ميمكنش مضحكش #6 : حصلاتو كيقدي حاجة,"May 19, 2021",749,53.47,0:06:40,,473211,52644.4109,3526,5335779,6.27
bvIdl3N0gzA,كنت كنصور وهجم عليا !,"Feb 3, 2017",268,,,,0,0,0,1,0
PW-xeRrOGcg,...ميمكنش مضحكش #5 : الدجاجة غسلات رجليها ونسات ، الز,"Feb 1, 2021",736,54.78,0:06:43,,784743,87893.1967,2613,7428875,6.97
sAWF5YHP5jQ,AWEL MERA TSA7BTI ? (+18 PLZ),"Feb 24, 2020",646,49.28,0:05:18,,1114205,98525.7472,25205,9880280,7.27
7w0P61uSpiE,...ميمكنش مضحكش #8 : غاديا و كتق,"Jul 1, 2021",732,56.58,0:06:54,,875582,100738.2551,3456,7948007,7.16
Mmd9YtZnZE8,DAY 3 IN JAPAN 🇯🇵 : تقاطع شيبويا طوكيو الشهير + فندق المانغا,"Feb 8, 2024",1055,45.44,0:07:59,,568598,75711.8756,1441,6260784,6.18
kN_kpzc52a0,أغرب الأسئلة لي كيطرحوهم المغاربة على GOOGLE,"Oct 9, 2025",471,57.12,0:04:29,,617427,46145.2887,1848,6348657,7.13
XXx6gYZY4O4,الرد على هشام ملولي حول مشاركته في مسابقة - RED BULL ART OF MOTION,"Jun 5, 2016",307,11.26,0:00:34,,2,0.0192,0,1,0
YcLzP-sJyco,OUTLAST MAROC (PC) EP#2 AVEC SIMO SEDRATY / حتا سيمو سدراتي طلع خواف,"Sep 13, 2016",757,,,,0,0,0,1,0
pq_41G970P4,أغرب أسماء مغربية تقدر تسمعها فحياتك (الفشلوق) #3,"May 20, 2017",397,88.56,0:05:51,,1,0.0977,0,504,0
KMFp9CZ4Gic,HOW TO BE AN ENGINEER | كيف تكون مهندس (poly.bridge),"Aug 9, 2016",413,16.48,0:01:08,,5,0.0945,0,1,0
8XyrCZTJ55A,إخطر حلاق في المغرب,"Mar 31, 2017",404,20.31,0:01:22,,1,0.0228,0,11,0
fuKQcrydBTY,💵💵 لي فهمني شنو كنقول غيربح 2000 درهم,"Aug 16, 2022",751,51.61,0:06:27,,792785,85352.8883,4061,9329574,6.01
XSxlwB3bzzA,واش هادشي لي كيدير الفارسي بصح ولا كدوب ؟,"Aug 18, 2020",292,69.32,0:03:22,,156720,8811.9891,52,910594,11.46
5YJ5Na8fHLI,DAY 4 IN JAPAN 🇯🇵 : أقدم مدينة في اليابان ، كيوتو,"Feb 10, 2024",884,53.42,0:07:52,,342424,44920.8985,734,4322584,5.24
_JRnuFpq83I,أشنو كيعجب لبنت فالراجل ؟,"Jun 10, 2020",363,61.59,0:03:43,,525880,32658.9275,2554,5741128,6.69
UUUXul7sf20,ميمكنش مضحكش #12 : البرنامج الإنتخابي الناجح ، ياربي نكون غا كنحلم ههههه,"Sep 2, 2021",526,59.6,0:05:48,,567586,54989.8804,2161,5610969,6.8
edftZyXKC_s,التداوي بالبندير ، كل ما كان عندك لفلوس كل ما كتعالج دغيا,"Aug 23, 2022",755,37.78,0:04:45,,345033,27339.2327,924,2967114,8.07
N1ebY4Lc634,KIFACH TIYE7 TITIZ,"Jul 26, 2020",711,53.09,0:06:17,,753500,79013.6745,4564,6361334,7.96
fp7N9UrGVzk,STORY TIME | لحوايج لي كنت كنلبس ف 2011,"Dec 1, 2021",487,62.41,0:05:00,,740520,61868.0313,2227,7356290,6.77
eV7hQEuQCfs,MEMES #1 : جاب الله كاين حَنَفِي😂,"Jul 13, 2023",626,55.29,0:05:46,,457260,43958.1831,1482,3759318,8.28
uHjDZbWFTUA,موهبة مغربية خطيرة فالرسم,"Feb 12, 2017",323,6.23,0:00:20,,6,0.0336,0,0,
NHYym7K5Xu0,الناس ديال الجزائر هاربين بزآآآآف,"Jun 2, 2020",602,47.75,0:04:47,,521942,41676.1087,4668,5259258,7.15
Vv-bFXUUdTo,ميمكنش مضحكش #15 : فاش كتبع نصائح عشيرك فلاصال,"Oct 2, 2021",613,59.72,0:06:06,,685540,69711.038,2810,5774061,8.19
-5jJo95oI5Q,ميمكنش مضحكش #19 : شكون فان ديال شكون ؟,"Nov 14, 2021",505,59.43,0:05:28,,693266,63289.5104,3817,6883607,6.99
 -DBQN07p6gw,أسئلة ثقافية #1 : شنو الجنسية ديال ... ؟,"Oct 30, 2021",573,50.64,0:04:50,,284340,22917.5667,339,2825311,6.87
asfgSVGv3JY,!! 😂😂😂 ميمكنش مضحكش #25 : أمرابط في كل مكان,"Dec 10, 2022",682,57.07,0:06:29,,651843,70477.2724,2613,6284695,7.34
Pw3xk_Q26GA,آش هاد الأسئلة ؟؟؟؟؟؟؟؟؟؟,"Feb 7, 2020",614,53.4,0:05:27,,759837,69157.8081,3655,6544222,8.41
FsG2SOHWL8I,سطاج فالبنك,"Jun 7, 2017",518,,,,0,0,0,22,0
nPP1VMVWoD8,MOBILE STREAM FROM ANDROID ?,"Oct 20, 2021",301,42.55,0:02:08,,126543,4501.5131,377,2081742,3.8
OEjef7Xic3w,آخر مكاين فالطاكوس ، طاكوس لازانيا فقط في المغرب !,"Sep 11, 2021",622,54.61,0:05:39,,677491,63925.5434,3062,6497298,7.28
SOF4ANMtsQg,"أحسن ASMR تقدر تشوفو فحياتك 😂🤦‍♂️, صوت الشعرية يابسة",,690,2.24,0:00:15,,2,0.0086,0,0,
kbA17slK1XM,OUSTAD.exe,"Dec 21, 2019",453,60.03,0:04:31,,815045,61564.2457,3659,7974410,7.53
ri0KO0U0mWw,BIMO JAWBKOM (Q & A) |  شكرا لكم,"Jan 11, 2017",532,,,,0,0,0,1,0
9HPJA6usRLs,Comment dessiner comme un professionnel et sans talent,"Jun 14, 2016",111,18.41,0:00:20,,1,0.0057,0,1,0
E2Tbo-KUcJo,ميمكنش مضحكش #16 : فاش كتمشي دير مصاج ب 10 دراهم,"Oct 3, 2021",629,59.75,0:06:15,,868144,90630.0506,3107,8219816,7.19
1WHmvDF_Jac,أشنو غيقدر يوقع إذا ... ؟,"Aug 7, 2022",489,63.25,0:05:09,,209580,18006.6131,533,1673293,8.52
yVvtXSDzOl4,CHAKHDA D7OKAT,"Oct 26, 2020",614,58.38,0:05:58,,508475,50628.8402,3562,3631462,9.29
JfPCVn_cYlc,الرحلة الملعونة (الجزء الأول) : أكفس صيف دوزتو فحياتي,"Jun 2, 2022",833,53.76,0:07:35,,1579007,199610.8111,4347,16572605,6.26
nvJ7rknt-7M,!! 😂😂 ميمكنش مضحكش #27 : بغا يشري لصاحبتو صباط كادو,"Dec 19, 2022",588,62.38,0:06:11,,523880,54097.8235,1575,4424620,8.45
nRSt3pRkaJs,OMEGLE طلعتها مزيان على تيتيز ف,"Sep 30, 2020",535,53.95,0:04:48,,893349,71627.9579,9249,9164093,6.86
b6S_WktCNas,EMILY WANT TO PLAY | أكبر خواف فالمغرب,"Dec 3, 2016",546,40.01,0:03:38,,1,0.0607,0,2,0
mdDZiCaYJiI,أسئلة ثقافية #2 : 200 غرام ديال الصبون شحال فيها من .... ؟,"Oct 30, 2021",525,50.41,0:04:24,,226370,16642.6342,10,2309351,4.96
snhgaL-jCZ0,!! فيلم قصير قمة في الإبداع,"Jan 12, 2021",586,49.02,0:04:47,,577168,46053.5515,2228,5042100,7.73
zU9H1-g_8qY,BIMO JAWBKOM (Q & A) | واش أنور فرحات خوك ؟,"Oct 23, 2016",717,13.56,0:01:37,,1,0.027,0,1,0
j-f1fZfF7AY,CHEF BIMO,"Jul 15, 2020",634,47.9,0:05:03,,586983,49515.0575,2519,5037648,8.11
iBJN5bmZRLc,! الشاب لعربي قاهر الفتيات,"Jun 17, 2021",1124,38.38,0:07:11,,852828,102198.0772,4434,8892359,6
KY5yG8AgFJ8,مول الحانوته ، للبنات فقط !! GIRLS ONLY,"Dec 3, 2018",412,40.93,0:02:48,,2,0.0937,0,179,0
G7R4plqX3wE,Minecraft Maroc EP#1 *Survival* أجيو تسطاو معانا شوية (Darija),"Oct 30, 2016",608,0.41,0:00:02,,1,0.0007,0,2,0
JJtke8bS3q0,تمرينات التنحيف,"Feb 25, 2021",745,44.42,0:05:30,,502073,46150.9247,2587,4378031,7.8
xtItvl7qGUI,آسف ، لا يوجد عنوان,"May 19, 2020",299,57.82,0:02:52,,528471,25379.925,2265,4394819,8.74
7U5Ti0EoqCg,هاد ناس عايشين ف 2030,"Feb 14, 2020",613,53.53,0:05:28,,417870,38086.5651,1197,4803264,6.5
r2U84Baq-KA,أغنى طفل في المغرب,"Nov 30, 2019",601,51.14,0:05:07,,548150,46798.4533,3020,5469230,7.26
dF9MEatE_C0,BILAL MOUHOUCH - AMTAL CHA3BIA | أمثال شعبية,"Jun 21, 2016",284,15.51,0:00:43,,2,0.0244,0,1,0
0yh2etGfQK8,( فيديو كليب تسمعلو ، تصماك ( تحذير,"Dec 7, 2020",481,50.86,0:04:04,,440268,29920.8025,2105,3878619,8.13
wC8ue9Sf9BU,B-MO | Low Cast Away parkour and free run morroco,"Jan 27, 2016",7,122.73,0:00:08,,1,0.0024,0,0,
NdbyXfB6LM8,YES YES NOO !,"Apr 3, 2022",436,61.96,0:05:04,,423059,35787.5094,596,4540435,6.19
0r7zYzmytc0,صحاب داصية خرجو على السيطرة,"Apr 19, 2021",501,54.57,0:04:33,,422995,32123.462,1352,4485857,6.62
Vl5kz9_Orc8,!! لا للتنمر : صبعي مربع,"Mar 28, 2021",349,65.11,0:03:47,,402673,25415.3052,1179,4364315,6.27
O-JautNi9n4,MOROCCAN GAMERS | عندما يجتمع لي نووب ( Brawlhalla ),"Sep 24, 2016",795,,,,0,0,0,2,0
TpW_oxT_y1s,!! شوفو هاد الناس باش مزوجين,"Dec 12, 2019",361,55.64,0:03:20,,324871,18127.0642,4293,3030224,8.18
73Si_I2oCjI,أغرب أسماء مغربية تقدر تسمعها فحياتك (القضيب) #2,"May 14, 2017",409,,,,0,0,0,10,0
otyIrSwGagM,THE WAY TO A WOMAN'S HEART |  أسهل طريق إلى قلب المرأة (Emily is Away),"Oct 1, 2016",420,10.12,0:00:42,,2,0.0236,0,37,0
lrdHISo6e1Y,قراءة تعليقاتكم | READING YOUR COMMENTS,"Jul 1, 2018",346,95.52,0:05:30,,1,0.0918,0,98,0
0AuWwZZYPzM,هاد الناس عايشين ف 2004 ؟,"Feb 26, 2023",553,56.99,0:05:15,,430793,37710.6215,929,4034824,7.68
Ysn8DK7VoKI,MINECRAFT MAROC | THE DROPPER MAP | الانتحار الفاشل,"Sep 6, 2016",544,9.45,0:00:51,,2,0.0285,0,1,0
zUqnocLvhV8,😂😂سوق الميمز #3 : الخليجيين هاربييين,"Jun 17, 2022",551,61.11,0:05:36,,439515,41107.2475,1466,4670201,6.63
apkKfYDdJqw,STREAM HIGHLIGHTS,"Oct 10, 2019",284,19.79,0:00:56,,102167,1595.2837,133,1164780,6.87
j1vtXW06xko,ميمكنش مضحكش #13 : غنمووووت ميمكنش ههههه,"Sep 14, 2021",482,63.23,0:05:04,,590696,50009.675,4354,6210937,6.62
ZR22h2JBeKg,TIK TOK اللقطة المحدوفة من,"May 22, 2020",612,53.37,0:05:26,,841741,76374.3303,9818,7719281,8.01
r9hmHRabVZM,The mystery of parkour was discovered now must watch it !!,"Jun 30, 2016",141,80.33,0:01:53,,2,0.0629,0,1,0
_iXzH-hGiF0,خمسة د المليون فالشهر و كطالب الناس يعاونوها ؟,"Aug 14, 2021",762,47.53,0:06:02,,889776,89515.4628,5357,11668635,5.18
UMj68uzzIes,FREFAYER ( BlueStacks 5) | قتلنا الأعداء الأشرار,"May 19, 2021",409,43.15,0:02:56,,182372,8940.0024,358,2345783,5.04
ivhhB1gcBi0,منين جات الفكرة ديال أغرب الاسماء ؟ | (BIMO JAWBKOM (Q & A,"May 27, 2017",373,18.06,0:01:07,,1,0.0187,0,2,0
mBaX3E93uUE,ميمكنش مضحكش #18 : حزق عليها و زاد,"Nov 6, 2021",616,62.23,0:06:23,,311836,33202.3464,806,3109655,6.73
VKezV1zW2NY,(الجزء الثاني ) أصعب لغة فالعالم 🇲🇦😂,"Aug 2, 2022",510,51.75,0:04:23,,1232324,90351.401,5509,11998025,7.31
pzMvOGVQDos,😂😂سوق الميمز #2 :فاش كتمشي تخطب و كيجريو عليك,"Apr 28, 2022",573,61.54,0:06:03,,580901,58682.1946,1425,4996434,7.93
qQVvgz5j0YM,أجي تشوف أغرب حلاق فالعالم,"Apr 16, 2020",805,45.6,0:06:07,,619576,63181.2402,3538,8044148,5.5
YZPRkhS__Ts,PLUG & PLAY MAROC | إلا فهمتو شي حاجه ها وجهي (Darija),"Oct 16, 2016",473,13.72,0:01:04,,3,0.0541,0,16,0
et92eEK8UCo,STORY TIME / العيد لكبير,"Aug 6, 2020",601,48.34,0:04:50,,671183,54163.1863,2417,5003510,9.32
773IiTJ-0_4,Moroccan vines - When you trying to be cool with your F@#*/ car,"Feb 26, 2016",18,113.24,0:00:20,,3,0.017,0,0,
mbcuKisxk-c,BLOCKADE MAROC | نايضة قرطاص العود (Darija),"Oct 15, 2016",350,,,,0,0,0,25,0
bqRFB58I28M,RAP BATTLE : معركة الجبابرة,"Nov 21, 2021",493,56.38,0:04:37,,402518,31076.6833,2358,4373949,6.17
E_rS4Rt8IG8,"TIKTOK MAROC ,   يا ربي السلامة 2021 داخلة سخونة","Jan 19, 2021",584,55.39,0:05:23,,886883,79695.1477,6617,8216109,7.63
d739dDGbbfM,7 1,,1676,39.39,0:11:00,,2,0.3668,0,0,
gJfarL4mg0c,عزيزي دافيد (الحلقة 4) و الأخيرة : لحقيقة ديال دافيد,"Apr 4, 2023",789,56.3,0:07:26,,499109,61834.4223,960,4557510,7.42
WKzvlsUPNKY,TIKTOK = CRINGE,"Apr 19, 2022",541,62.49,0:05:38,,582550,54700.7491,2439,5624761,7.21
oPGc4036GX8,ها علاش Gaming فالمغرب معمرو يزيد لقدام.,"Oct 3, 2016",134,,,,0,0,0,0,
VuE4aVTl6C0,شفتو هادشي ؟,"Dec 16, 2019",425,61.08,0:04:19,,370440,26712.2505,1864,4073681,6.89
7H6K16Q-eRg,Parkour Taza Morroco 2016,"Feb 7, 2016",117,56.87,0:01:06,,14,0.2588,0,106,3.77
Lx-ZuxHqwoc,دروس في الحب مع إحساس,"Apr 26, 2020",850,51.88,0:07:20,,742791,90988.4042,7166,8916508,5.86
eY3SIRMyydE,ميمكنش مضحكش #9 : كتمشي لكوميسارية تشكي بالڭارديان ، كتخرج خاصك تخلص الڭارديان,"Jul 5, 2021",615,61.33,0:06:17,,414545,43436.1996,2962,4151687,6.67
m9rvj0x15Vw,"TIKTOK MAROC #2 , فقط في المغرب","Oct 13, 2020",656,54.42,0:05:57,,1698182,168403.5624,17492,22013203,5.71
mNKEL14G2xg,الشاب العربي كيحترم ليهونش ؟ ولكلاب الرومية,"Mar 27, 2022",786,42.61,0:05:48,,458524,44392.783,1438,4351035,7.07
2OjuOnAJoPI,ميمكنش مضحكش,"Jun 11, 2020",818,47.52,0:06:28,,1803618,194740.8259,29130,23564008,5.19
oU4FdRAjppo,قصتي مع البرلمان بطريقة كوميدية ، قصة واقعية,"Jun 6, 2016",54,53.77,0:00:29,,2,0.0161,0,0,
DE-8sy_Romk,فيديو تافه,"Mar 25, 2020",604,52.2,0:05:15,,595700,52166.4439,2541,6263827,7.09
EyfRWAU7ioM,!! 😂😂😂ميمكنش مضحكش #22 : زاهية شموش,"Mar 7, 2022",621,66.76,0:06:54,,317042,36509.8439,859,3116548,7.03
SdlDwimoP5g,الأب المثالي / THE PERFECT DAD,"Nov 23, 2019",258,63.01,0:02:42,,371774,16788.1931,1780,3395026,7.77
jl1jKAlwDFI,(كيف أربح المال من الأنترنت (1000$ كل شهر,"Feb 23, 2020",608,62.74,0:06:21,,172612,18288.7088,1162,2952012,4.33
J1RR71Nw2ko,MINECRAFT MAROC SURVIVALE EP #0 | WWE صوبنا حلبة المصارعة,"Apr 30, 2017",678,,,,0,0,0,4,0
mJcEjU7Xbh8,AKHIR VIDEO F INSTAGRAM,"Dec 19, 2025",710,51.41,0:06:05,,404595,41025.7426,1114,4139842,7.69
VRF2MbTFKXU,ميمكنش مضحكش #10 : فاش كتكون كتفرج فالألمبياد و كيدخل باك على غفلة ؟,"Aug 6, 2021",611,58.74,0:05:58,,767490,76509.2713,5067,7929332,6.77
KMXYGAh71Vo,ميمكنش مضحكش #29 : القرعة ديال الشامبو لي كَطِيح فالدوش 😂😂,,767,0.06,0:00:00,,1,0.0001,0,0,
Bcjti-jVaxU,بيمو الفلاح #1 : غنصَوبْ المَزرعَة السعِيدَة,"Feb 24, 2026",386,51.04,0:03:17,,211702,11586.7374,382,2250059,6.88
ijOY-ai021M,السمسار فالمغرب 🤣 .. الحقيقة لي ما كيعرفها حتى واحد💀!,"Nov 15, 2025",848,50.76,0:07:11,,592461,71008.7625,1913,5992064,7.11
1eMbO5ZkWnw,نصائح للخصيتين للأولاد فقط !! حتغير حياتكم شوفوها | Testicles Hacks That Every boy Should know,"Jun 25, 2018",422,,,,0,0,0,363,0
Bc0Ew8RbIcE,ZAHIA FREE FAYER ( BLUESTACKS 5),"Feb 15, 2021",319,46.19,0:02:27,,231020,9456.4641,913,2215487,6.91
JklzuKUm6UM,DAY 5 IN JAPAN : لبسوني لقفطان ديالهوم 😂😂,"Feb 11, 2024",661,54.09,0:05:57,,369194,36665.0238,778,4486137,5.66
aQOZZg0pkXw,!! 😂😂 ميمكنش مضحكش #28 : إملأ الفراغ بما يناسب,,1153,0.26,0:00:02,,3,0.0025,0,0,
VVGUmqyn1Ms,DAY 2 IN JAPAN 🇯🇵 : جربنا الكبسولات + متحف الأضواء,"Feb 6, 2024",1129,47.21,0:08:52,,644547,95419.909,1993,6275068,6.99
b2wmTm-f-6k,😂😂😂 بغا يسكت ليها القلب,"Jan 1, 2022",622,55.62,0:05:45,,717994,69004.5013,6081,8150751,6.08
2-9K3JTGnvI,MOTIVATION GAME | لعبة تحفيزية,"May 18, 2017",391,,,,0,0,0,9,0
dU-VzCaPbA4,ميمكنش مضحكش #17 : دايزة عواشر فسكويد كايم,"Oct 13, 2021",518,61.49,0:05:18,,622537,55078.8632,17104,6037883,7.11
1L2MEe6XIKI,GANG BEASTS MAROC | الطايح كثر من الواقف و الواقف عيان,"May 3, 2016",255,64.33,0:02:44,,1,0.0456,0,33,0
8PDsBU6ZeYM,HORROR GAMES ZAPPING #1,"Feb 18, 2017",294,,,,0,0,0,1,0
_N3ixGmEgUc,MOROCCAN DOCTORS BE LIKE | الاطباء في المغرب يا سلام ( Surgeon Simulator ),"Sep 22, 2016",636,4.58,0:00:29,,1,0.0081,0,1,0
wGC82UnyLNE,الواليدة ديالي 6 سنين وهي غابرة… وانا ما لاحظتش,"Nov 28, 2025",987,50.33,0:08:16,,529449,73060.7321,1196,5861852,6.27
e6Hag6EeasE,أول وآخر مرة نجرب هاد الرياضة ⛷️,"Feb 13, 2024",803,52.69,0:07:03,,369314,43407.7739,713,4789557,5.17
tpNvq4gclF4,%الفيديو الذي لن يغير حياتك ، مجرب 100,"Feb 21, 2022",848,41.01,0:05:47,,468576,45259.3805,1394,4656801,6.51
 -LiayQYLPig,!! 😂😂😂 ميمكنش مضحكش #23 : سبيدرمان رجوع لله,"Aug 28, 2022",557,58.79,0:05:27,,468713,42630.3551,1291,4277822,7.8
QeEbZpblvA4,POURQUOI FACEBOOK ? ها علاش فايسبوك,"Apr 8, 2016",226,20.38,0:00:46,,5,0.064,0,1,0
huitI3CmBKQ,ميمكنش مضحكش #29 : القرعة ديال الشامبو لي كَطِيح فالدوش 😂😂,"Feb 28, 2023",593,58.22,0:05:49,,436985,42469.7162,780,3514043,8.76
e4NsMZ8B_yE,!! 😂😂😂ميمكنش مضحكش #21 : حكيمي فاش غيقول لميسي خليني نتيري كوفرات,"Jan 26, 2022",662,59.76,0:06:35,,703163,77269.151,2451,7165020,6.56
DDVprX5t5d4,"TIKTOK MAROC , نتحداك تفهم شي حاجة","Sep 9, 2020",577,56.05,0:05:23,,865597,77755.2289,8392,8879208,6.61
zgzEpGKbGiw,كيشوف فالمراية كيتزعط فراسو ؟,"Jul 27, 2022",582,53.13,0:05:09,,559050,48021.1011,2544,5291868,7.54
6VoQrIFUApI,THANKS FOR 900 SUB ( Q & A ) علاش سميتك بيمو ؟,"Aug 31, 2016",643,4.76,0:00:30,,1,0.0085,0,0,
AEZ48gRZTDE,الأب المثالي |  THE PERFECT DAD,"May 23, 2018",373,,,,0,0,0,0,
tdhnJwtDgnU,LET'S ASK AKINATOR + FACECAM | لنسأل اكيناتور,"Jul 23, 2016",308,0.29,0:00:00,,1,0.0003,0,37,0
lwjDwAbjMN8,BGHINA TITIZ,"Nov 22, 2017",212,,,,0,0,0,62,0
WnyEL8uvViA,Diffusion en direct de BIMO,"Dec 5, 2016",0,,,,0,0,1,6524,0
Hfm6i0iHiB4,GARRY'S MOD MAROC FUNNY MOMENT ( PROP HUNT ),"Jan 12, 2017",531,0.58,0:00:03,,1,0.0009,0,12,0
b9QQviGyI-4,رجعت لعائلة ماشي ديالي… وكنت السبب فكارثة,"Apr 8, 2026",676,57.09,0:06:25,,316166,33896.7009,642,3493519,6.54
EUxW_d08Cvc,ها علاش بدلت 🤷‍♂️!,"Apr 20, 2023",286,56.35,0:02:41,,365838,16377.4769,1155,4135621,6.48
NvBZXE2Ik_s,WTF  مغربي مربي سراق الزيت,"Dec 5, 2020",577,50.26,0:04:49,,507246,40859.6087,3311,4566499,7.62
IY6lP00ephE,!! 😂😂😂 ميمكنش مضحكش #24 : فاش كتدوي مع العائلة و كيجبدولك لقراية,"Oct 31, 2022",514,62.44,0:05:20,,229548,20461.7057,816,2551111,5.82
v_-T0Rz4ie4,SPACETOON | أيام الزمن الجميل مع سبيستون,"Feb 15, 2021",741,42.32,0:05:13,,917314,79906.4114,5935,10775249,6.57
86nMlnguL5Y,ميمكنش مضحكش #14 : رخف راسك أصاحبي متخافش,"Sep 16, 2021",518,59.15,0:05:06,,896122,76265.2695,6518,9031857,6.99
YpbgV4-MtJY,FOOOOOOD TIME,"Jan 24, 2021",537,42.39,0:03:47,,360058,22767.3918,608,2959574,8.41
foGKTxznK0M,TIKTOK MAROC | يا ربي نكون غا كنحلم,"Jun 5, 2021",549,59.79,0:05:28,,501174,45697.7469,4211,5641122,6.06
aDu-xQHsr3c,من 0 إلى أساطير سباق الدراجات بسبب هاد الطريقة,"Jan 3, 2023",479,52.89,0:04:19,,307223,22147.7747,374,4287229,4.82
oRN8DFCzwRA,TOILETTE MOTANA9IL,"Jun 24, 2020",601,38.41,0:03:50,,277622,17799.9811,922,2512751,7.51
CT3-UFe3YeI,القانون الوحيد فدارنا: ما نهضرش مع الأم ديالي… حتى خالفتو💀,"Mar 8, 2026",824,56.06,0:07:41,,531466,68191.0573,2152,6608404,5.47
He3oFMPW3dg,MY NEW STUDIO,"May 29, 2022",377,62.23,0:03:54,,292906,19088.5614,1174,3172878,6.72
xY7GpdMKlUY,!! تخايل معايا أش غيوقع,"Apr 29, 2021",579,54.51,0:05:15,,639488,56066.7648,1948,6104755,7.51
9MT1qY7pLcc,STORY TIME | 😂😂😂 لأول مرة SURF جربت,"Jun 26, 2022",922,55.48,0:08:39,,1252566,180632.4117,3478,13075488,5.7
w7Qvrrw4Hdg,وليت مشهور بسبب ماينكرافت,"Feb 26, 2017",272,,,,0,0,0,0,
HFE13EghZNM,أحسن فيلم قصير تقدر تشوفو فحياتك,"Sep 15, 2020",553,53.81,0:04:57,,1786120,147646.1163,35460,23894233,5.6
UpRZAFV2jyY,فاش كيقوليك فاليلة الدخلة ، حيدي ديك الشورط لكحل لي لابسة,"Jan 30, 2021",283,67.83,0:03:11,,501544,26744.8867,2479,3905994,8.77
WXEWC1WyoXU,VLOG : 😍 جمال المغرب,,1435,32.64,0:07:48,,21,2.7321,0,13,23.08
pyapyKNgRng,الحلقة 3 : السِّر اللّي مخبّى تحت الدار💀,"Jan 6, 2026",1096,50.1,0:09:09,,382314,58316.6506,690,3117886,8.02
G1LeKfQLuIY,"Moroccan vines - Sorry mom i can't do it , WTF","Feb 26, 2016",14,116.15,0:00:16,,3,0.0136,0,0,
pghdWlCQH2U,إحساس لمافيوزي,"Apr 10, 2020",788,49.02,0:06:26,,1173899,125960.167,18660,14707505,5.72
iptbS1_vUeM,"أحسن ASMR تقدر تشوفو فحياتك 😂🤦‍♂️, صوت الشعرية يابسة","Feb 7, 2023",934,39.7,0:06:12,,502000,51983.2701,1963,4278595,8.06
wuQJX3eF5jY,EMINEM DU MAROC | النسخة المغربية,"Dec 10, 2016",309,64.3,0:03:18,,2,0.1104,0,2,0
a65dDYzZrwc,سوق الميمز #4 : لا تحدثني عن الرجولة وانت لا تعرف يعقوب قمر الدين دبيازه 😂😂,"Jul 30, 2022",574,57.55,0:05:30,,628294,57646.3756,2118,7014646,6.29
G0bQDSFyX38,لعبة ديال الخلعة جابتلي النعاس (Five Nights at Freddy's),"May 12, 2017",417,,,,0,0,0,1,0
nHD9V98wgMk,VOICE GAME (Yasuhati),"Apr 3, 2017",542,,,,0,0,0,11,0
t_YgQPGh_g4, الحلقة 1 : كنت كنظن غير وهم… حتى ولات رعب💀,"Dec 20, 2025",563,58.56,0:05:29,,545207,49934.7027,1963,4532349,8.58
RqzCH0b57UI,أَخيراً لقِيت المَوْهِبة الضّائِعة ديَالِي 😂😂,"Apr 27, 2024",1167,40.74,0:07:55,,868841,114734.8109,2846,9928215,6.24
k-B9I3TJiaM,AGAR.IO MAROC FUNNY MOMENTS #1 + FACECAM / مشي رجلة هادي,"Sep 4, 2016",243,3.8,0:00:09,,1,0.0026,0,1,0
ZsULKXpfD9E,كنتحداك تصفي نيتك | THE IMPOSSIBLE QUIZ,"Jul 24, 2017",638,,,,0,0,0,31,0
5FcW0KCmr4g,عزيزي دافيد (الحلقة 2) : شنو كاين من مورا لباب ؟,"Mar 30, 2023",607,60.9,0:06:11,,502276,51854.0156,763,4413855,7.45
aF8Gi7d2Djw,ميمكنش مضحكش #30 : فاش كتفكر بالعزيزة الغالية ديالك 😂😂,,888,0.5,0:00:04,,1,0.0012,0,0,
iCWLZVHzTTg,08/09/2023,"Sep 14, 2023",594,36.32,0:03:35,,167752,10053.251,529,2902705,4.34
3xI7ywKvWS0,BAC & JIHAWI 2018 MOTIVATION,"May 21, 2018",432,,,,0,0,0,127,0
B1_EfGDjtrs,تمارين إزالة الدوالي ؟,"Jan 12, 2022",610,50.76,0:05:09,,545219,46896.6779,3182,4641074,7.89
FmP9DpIz1pc,SAD STORY !! قصة حزينة,"Oct 25, 2018",396,,,,0,0,0,174,0
sYx7nVtpPFo,Day 4 in japan,,226,1.57,0:00:03,,1,0.001,0,0,
y4Vpq_EpiFg,Temu,,208,9.18,0:00:19,,1,0.0053,0,0,
xFnYGHYl4DU,حوار مع خبير أمن المعلوماتيات إحساس,"Feb 19, 2021",584,45.9,0:04:28,,503154,37461.4387,2649,4832663,7
T9nMYnlTuNk,STORY TIME ❌ النميمة ✅,"Jun 12, 2025",691,53.4,0:06:09,,659033,67552.3574,2676,8265525,5.78
IIgyk4QnWWE,ميمكنش مضحكش #7 : مڭعده ها قداش أ كفاش,"Jun 21, 2021",634,52.06,0:06:06,,937235,95333.2121,12599,10059307,6.44
vvME70hYvbs,B E S T   V L O G,"Nov 9, 2017",1362,9.96,0:02:15,,113,4.2582,0,805,1.61
n8E6l14_QLY,زاهيا بانان مع المغاربة,"May 8, 2021",496,50.16,0:04:08,,337113,23296.0307,1219,3452158,6.81
CXwL6S0_zcY,TEMARA | تمارة,"Dec 6, 2022",478,50.15,0:03:59,,334014,22240.9774,695,2642529,9.04
BTEuivyMdwU,BAC 2020 ?,"Jul 9, 2020",643,52.64,0:05:38,,843914,79348.5245,8547,9226669,6.72
Gg1H1e0jiJg,إحساس و الأفلام القصيرة,"Apr 5, 2020",861,40.77,0:05:51,,1121187,109338.2141,22787,11799057,7.1
OkJ1FytpCFE,PLAY WITH BIMO (Gamee),"Jul 28, 2017",303,,,,0,0,0,0,
bg-htC6WdHY,20 FACTS :  🇯🇵 فقط في اليابان ( PART 2 ),"Oct 24, 2023",661,57.91,0:06:22,,311481,33119.5729,982,4845354,4.16
bdKbj2Jzi9A,DONT CLICK !! PLZ,"Jul 2, 2018",498,,,,0,0,0,0,
O88AKIy1Ck8,كفاش كنا كنطيحو تيتيز ف 2011 ؟؟,"Dec 7, 2019",414,59.69,0:04:07,,1130009,77567.6727,22713,15375387,5.55
fsEdBICTcW8,أغرب أسماء مغربية تقدر تسمعها فحياتك (بوبزازل),"May 5, 2017",438,,,,0,0,0,25,0
qEjPH61EdFo,قراءة تعليقاتكم : ناوي لحلال مع ختك,"Jan 18, 2020",605,44.55,0:04:29,,680258,50926.9251,6791,6743242,7.69
zKPuiNsDP1c,SUPERHOT LE JEUX ! | OK JE FRANCE BIEN,"Jul 17, 2016",661,6.51,0:00:43,,1,0.012,0,36,0
J4PPkfsPVgE,كَان عْندنَا كنْز فالدّار💀 | STORY TIME,"Oct 6, 2025",1016,49.88,0:08:26,,946562,133256.6508,3190,11182090,5.7
kT2Qx4LncGY,لي حصل مصخوط ، ولي داز مرضي الوالدين ؟,"Dec 11, 2021",482,52.47,0:04:12,,403332,28334.7188,1415,3753795,7.38
quCKUUM7DDM,OFPPT = LMSEMEN,"Dec 30, 2021",514,58.96,0:05:03,,578301,48684.964,2839,5935604,6.71
ZXlyqHz6Fwo,STORY TIME | سافرت لتركيا,"Feb 11, 2026",1117,49.57,0:10:33,,592488,104255.0606,1244,7715867,5.36
wjFQ0-Jnt7M,صنعو بشر ما كيموتوش,"Mar 10, 2026",655,56.63,0:06:10,,471362,48570.5554,1381,4625522,7.22
a9J5-kNxbNs,THANK YOUUUU 300 000 TIME,"May 1, 2020",486,56.79,0:04:36,,246682,18913.4127,3509,2877272,6.52
7CtO9QwLhq4,كلشي تزوج ، إلا أنا,"Nov 11, 2020",565,50.87,0:04:47,,540190,43128.4027,2879,4661081,8.14
z7kfDIQUFQM,قصص واقعية : ناس عاشت تجارب مع الجن ، واش بصح ؟,"Apr 11, 2022",385,60.08,0:04:00,,859957,57359.6094,3006,9358532,6.68
SFcb6zT4zpE,😂😂سوق الميمز #1 : فاش كيعطيك عمك تشرب لحليب ، و كتفكر بلي عمك معندوش البقر,"Apr 13, 2022",786,54.37,0:07:07,,440332,52269.0879,2501,4550450,6.84
sxjEqQTUb0A,MINECRAFT MAROC +18 | هادشي واعر (darija),"Oct 9, 2016",795,1.69,0:00:13,,1,0.0037,0,1,0
O8ihsdPM6Gs,👏🇲🇦❤ كأس العالم 2022 ، وصلنا لنصف النهائي,"Dec 15, 2022",505,57.77,0:04:55,,483580,39672.1352,1173,5784159,5.87
un_ba6iv2H8,...ميمكنش مضحكش #2 : نريد أن نرى كر,"Nov 27, 2020",780,51.49,0:06:41,,1401575,156374.5324,11783,16904935,5.35
UDElMTaHCZM,ها كفاش كندوز نهار ديالي VLOG #1,"Nov 6, 2016",535,98.14,0:08:45,,1,0.1458,0,1,0
MLNMHLMnIYw,محتاج الدعم ديالكم,"Aug 28, 2024",206,52.51,0:01:48,,221009,6640.2796,1431,2548629,5.94
qgWMCiWFV8I,FROM 0 TO HERO #1 : اكتشفت موهبة ضائعة 🤣,"Feb 23, 2026",549,38.88,0:03:33,,198232,11753.9844,1072,1740794,8.13
Sxlf6sENjdc,TIKTOK MAROC | لي فهم شي حاجة يفهمني,"Jul 9, 2022",704,55.77,0:06:32,,608036,66316.4676,2218,5839954,7.09
r38CIS6A-Iw,تحسينة جديدة = كارثة جديدة 🥲,"Aug 5, 2022",601,57.03,0:05:42,,399543,38036.6848,1117,4480893,6.5
FoXVAuxv3VQ,!! 😂😂😂ميمكنش مضحكش #20 : شدني لفورير,"Dec 3, 2021",498,60.43,0:05:00,,445663,37255.9882,1322,3988378,7.52
cA2nvipUR08,زونا... رجعات من القبر باش تفضح اللي قتلها,"Jul 24, 2025",703,56.77,0:06:39,,658566,73010.8612,2487,7639103,6.2
W8RS8kj9F-c,MAKE SOME TATTOOS WITH MY LITTLE SISTER | 10 SECOND TATTOO,"Jul 11, 2016",345,21.57,0:01:14,,3,0.062,0,36,0
5w_zDjGmyGw,أغرب 10 رياضات ⚽️ حول العالم 🤣,"May 26, 2024",731,60.21,0:07:20,,342642,41889.0955,1094,4174611,5.79
